quarter,country,mortgage_lending_stock,gross_disposable_income_quarterly,gross_disposable_income_annual,mortgage_leverage_ratio
2003Q1,AT,36366.0,34042.3,140727.8,25.841376046523855
2003Q2,AT,36428.0,39205.5,141668.4,25.713567739877064
2003Q3,AT,38752.0,35229.1,143898.5,26.930093086446348
2003Q4,AT,39746.0,36603.0,145079.9,27.395938376025903
2004Q1,AT,40627.0,34814.7,145852.3,27.854891558103645
2004Q2,AT,45853.0,40635.0,147281.8,31.13283515003212
2004Q3,AT,46822.0,36625.9,148678.6,31.492090993592893
2004Q4,AT,48078.0,37759.8,149835.4,32.08721036550775
2005Q1,AT,48718.0,36310.2,151330.9,32.193028654425504
2005Q2,AT,51505.0,43587.4,154283.3,33.38339275864595
2005Q3,AT,52739.0,38573.5,156230.90000000002,33.75708646624963
2005Q4,AT,54828.0,40637.2,159108.3,34.459547364908055
2006Q1,AT,55112.0,39232.9,162031.0,34.01324437916201
2006Q2,AT,56301.0,44257.7,162701.3,34.60390298049247
2006Q3,AT,57416.0,39668.7,163796.5,35.05325205361531
2006Q4,AT,61793.0,43932.9,167092.2,36.98137914277267
2007Q1,AT,62770.0,40916.4,168775.7,37.19137292868582
2007Q2,AT,63743.0,47132.7,171650.69999999998,37.135298603501184
2007Q3,AT,64942.0,42443.9,174425.90000000002,37.231856048900994
2007Q4,AT,65897.0,44946.1,175439.1,37.561182199407085
2008Q1,AT,67720.0,43905.7,178428.4,37.95359931490727
2008Q2,AT,68149.0,49253.5,180549.19999999998,37.74539017619574
2008Q3,AT,69718.0,42894.6,180999.9,38.51825332500184
2008Q4,AT,72061.0,44976.2,181030.0,39.80610948461581
2009Q1,AT,71352.0,43664.8,180789.1,39.46698113990279
2009Q2,AT,71473.0,49667.9,181203.5,39.44349860791872
2009Q3,AT,72429.0,43523.9,181832.8,39.832747447105255
2009Q4,AT,73455.0,46158.7,183015.3,40.13598863045877
2010Q1,AT,74600.0,43773.9,183124.4,40.7373348390493
2010Q2,AT,77200.0,49548.0,183004.5,42.18475501968531
2010Q3,AT,77736.0,43883.1,183363.69999999998,42.39443248581917
2010Q4,AT,80008.0,46967.4,184172.4,43.44190551895941
2011Q1,AT,79213.0,44219.9,184618.40000000002,42.90634086309923
2011Q2,AT,82077.0,50355.9,185426.30000000002,44.26394745513446
2011Q3,AT,83030.0,42696.8,184240.0,45.06621797655232
2011Q4,AT,83960.0,49632.3,186904.90000000002,44.92124069513426
2012Q1,AT,84586.0,46784.8,189469.8,44.643526303400336
2012Q2,AT,85285.0,53390.8,192504.7,44.30281442479067
2012Q3,AT,85706.0,45389.1,195197.0,43.90743710200464
2012Q4,AT,86281.0,50315.1,195879.8,44.0479314355028
2013Q1,AT,85814.0,46855.0,195950.0,43.79382495534575
2013Q2,AT,85549.0,52625.1,195184.3,43.82985721699952
2013Q3,AT,86680.0,44271.8,194067.0,44.66498683444377
2013Q4,AT,87622.0,51289.3,195041.2,44.92486715627262
2014Q1,AT,87835.0,47481.0,195667.2,44.88999689268308
2014Q2,AT,88589.0,53579.0,196621.1,45.05569341235503
2014Q3,AT,89680.0,46135.1,198484.4,45.18239216784795
2014Q4,AT,90710.0,52839.9,200035.0,45.34706426375384
2015Q1,AT,93861.0,48520.1,201074.1,46.679806101332794
2015Q2,AT,94573.0,55067.2,202562.3,46.68835217609595
2015Q3,AT,95214.0,47090.1,203517.3,46.78422915398347
2015Q4,AT,96925.0,53664.7,204342.09999999998,47.43271210386896
2016Q1,AT,97235.0,49921.1,205743.09999999998,47.26039415173584
2016Q2,AT,98365.0,57464.4,208140.3,47.258988288188306
2016Q3,AT,100162.0,47735.8,208786.0,47.97352312894543
2016Q4,AT,101169.0,57486.3,212607.59999999998,47.58484644951545
2017Q1,AT,101753.0,50216.6,212903.1,47.793103998955395
2017Q2,AT,102476.0,60052.4,215491.10000000003,47.55463218666571
2017Q3,AT,103188.0,49403.9,217159.2,47.51721317816606
2017Q4,AT,107354.0,58863.2,218536.1,49.12414928242977
2018Q1,AT,107680.0,52837.9,221157.40000000002,48.68930454056703
2018Q2,AT,108950.0,61816.7,222921.69999999998,48.87366281523961
2018Q3,AT,111059.0,51913.1,225430.9,49.26520720983681
2018Q4,AT,112666.0,59846.7,226414.4,49.760969266972424
2019Q1,AT,113095.0,54268.1,227844.6,49.636901642610795
2019Q2,AT,114915.0,62656.2,228684.09999999998,50.25054212339205
2019Q3,AT,117106.0,53013.1,229784.09999999998,50.96349138169265
2019Q4,AT,119774.0,61180.4,231117.8,51.82378856150414
2020Q1,AT,118439.0,53608.6,230458.3,51.39281162796047
2020Q2,AT,119975.0,61100.1,228902.19999999998,52.41321402765025
2020Q3,AT,122777.0,54344.0,230233.1,53.32725833079605
2020Q4,AT,125528.0,63280.7,232333.40000000002,54.02925278931053
2021Q1,AT,126954.0,56326.9,235051.7,54.01109628222216
2021Q2,AT,129803.0,66346.5,240298.1,54.01748911040079
2021Q3,AT,132794.0,55579.9,241534.0,54.97942318679772
2021Q4,AT,135896.0,64455.0,242708.3,55.99149266835951
2022Q1,AT,137307.0,61834.5,248215.9,55.31756829437599
2022Q2,AT,140260.0,71240.1,253109.5,55.41475132304397
2022Q3,AT,142186.0,64925.9,262455.5,54.17527923781365
2022Q4,AT,142157.0,70475.1,268475.6,52.94969077264378
2023Q1,AT,140274.0,68709.7,275350.8,50.94374158346372
2023Q2,AT,139849.0,78159.2,282269.9,49.54442538860856
2023Q3,AT,139082.0,66466.2,283810.2,49.00528592700333
2023Q4,AT,138585.0,74712.5,288047.6,48.11183984869168
2024Q1,AT,136889.0,73398.9,292736.8,46.76180104448775
2024Q2,AT,136457.0,84437.2,299014.8,45.635533759532976
2024Q3,AT,136357.0,71421.3,303969.89999999997,44.85871791910976
2024Q4,AT,136341.0,80417.3,309674.69999999995,44.027167863567804
2025Q1,AT,135752.0,75734.3,312010.10000000003,43.50884795075544
2025Q2,AT,136230.0,85024.3,312597.2,43.58004486284586
2025Q3,AT,137265.0,70928.1,312104.0,43.98053213031554
2003Q1,BE,65435.0,40863.0,170025.8,38.48533575492661
2003Q2,BE,67386.0,47817.3,170998.7,39.40731713165071
2003Q3,BE,69087.0,40754.3,171938.5,40.18122759009762
2003Q4,BE,71710.0,43060.9,172495.5,41.572098982292296
2004Q1,BE,73297.0,41250.2,172882.7,42.39695469818553
2004Q2,BE,75540.0,47805.6,172871.0,43.69732343770789
2004Q3,BE,78011.0,42517.7,174634.4,44.67103846664804
2004Q4,BE,80440.0,45093.1,176666.6,45.53209265361986
2005Q1,BE,82905.0,43710.8,179127.2,46.28275326136957
2005Q2,BE,87346.0,49275.9,180597.5,48.36501058984759
2005Q3,BE,90700.0,43705.2,181785.0,49.894105674285555
2005Q4,BE,94732.0,47052.0,183743.9,51.55654146885965
2006Q1,BE,98342.0,46034.5,186067.59999999998,52.85283413125123
2006Q2,BE,102248.0,53700.6,190492.3,53.675660381023285
2006Q3,BE,105333.0,45039.1,191826.2,54.91064307169719
2006Q4,BE,107378.0,49100.6,193874.8,55.38522799249825
2007Q1,BE,109384.0,49072.3,196912.6,55.549517907944946
2007Q2,BE,112179.0,54960.7,198172.7,56.606686995736545
2007Q3,BE,110978.0,48388.4,201522.0,55.06991792459384
2007Q4,BE,113746.0,51687.3,204108.7,55.728148775627886
2008Q1,BE,115980.0,51310.3,206346.7,56.206374998970176
2008Q2,BE,103728.0,58613.2,209999.19999999998,49.39447388371004
2008Q3,BE,106111.0,51021.8,212632.6,49.90344848344045
2008Q4,BE,86346.0,54477.3,215422.6,40.08214551305202
2009Q1,BE,82607.0,52482.6,216594.9,38.13894048290149
2009Q2,BE,76285.0,58791.9,216773.6,35.19109338037473
2009Q3,BE,79151.0,50626.4,216378.2,36.57993272889782
2009Q4,BE,79342.0,55637.2,217538.1,36.47269145037122
2010Q1,BE,81501.0,51735.2,216790.7,37.59432484880578
2010Q2,BE,81559.0,60456.2,218455.0,37.33446247510929
2010Q3,BE,85119.0,51447.6,219276.19999999998,38.81816631262308
2010Q4,BE,84576.0,56846.4,220485.4,38.359002455491385
2011Q1,BE,87233.0,53056.9,221807.1,39.32831726306326
2011Q2,BE,90638.0,62832.4,224183.3,40.430308591228695
2011Q3,BE,92280.0,53219.9,225955.6,40.83988181748981
2011Q4,BE,83013.0,58625.7,227734.9,36.45159349752717
2012Q1,BE,85645.0,54249.8,228927.80000000002,37.41135851565428
2012Q2,BE,88673.0,65098.1,231193.5,38.35445200665244
2012Q3,BE,85401.0,55039.9,233013.5,36.650666163119304
2012Q4,BE,88419.0,59550.1,233937.90000000002,37.7959278936846
2013Q1,BE,90234.0,55548.3,235236.4,38.35885942821775
2013Q2,BE,93457.0,65765.5,235903.8,39.616572518119675
2013Q3,BE,95955.0,55620.9,236484.8,40.57554650446879
2013Q4,BE,98318.0,59681.5,236616.2,41.551677357678805
2014Q1,BE,100756.0,56757.8,237825.7,42.36548026558946
2014Q2,BE,105974.0,66284.4,238344.6,44.462513520339876
2014Q3,BE,109518.0,55943.2,238666.90000000002,45.88738530562889
2014Q4,BE,117883.0,60752.3,239737.7,49.171657190337605
2015Q1,BE,122669.0,56991.1,239971.0,51.1182601230982
2015Q2,BE,126248.0,67699.1,241385.7,52.3013583654707
2015Q3,BE,129471.0,56508.4,241950.9,53.51127026185891
2015Q4,BE,131693.0,61577.1,242775.7,54.24472053834053
2016Q1,BE,134328.0,58398.0,244182.6,55.01129073078918
2016Q2,BE,134478.0,69006.8,245490.3,54.77935380746205
2016Q3,BE,138075.0,59508.5,248490.40000000002,55.56552687749707
2016Q4,BE,143820.0,63097.5,250010.8,57.52551489775642
2017Q1,BE,145132.0,60159.6,251772.4,57.644126202872116
2017Q2,BE,145786.0,72380.8,255146.4,57.13817635678967
2017Q3,BE,147947.0,60665.0,256302.90000000002,57.72349825148291
2017Q4,BE,152348.0,66087.6,259293.00000000003,58.755153436459906
2018Q1,BE,154935.0,61999.9,261133.30000000002,59.33176657285762
2018Q2,BE,158679.0,73486.6,262239.1,60.509283321976014
2018Q3,BE,161956.0,62252.6,263826.7,61.38726671712909
2018Q4,BE,165845.0,70327.4,268066.5,61.86711133244922
2019Q1,BE,164624.0,64483.5,270550.1,60.8478799305563
2019Q2,BE,168476.0,78684.2,275747.7,61.097880417497585
2019Q3,BE,172492.0,64611.8,278106.9,62.02363191995596
2019Q4,BE,178486.0,72044.6,279824.1,63.785070692624416
2020Q1,BE,185530.0,67181.4,282522.0,65.66922221986252
2020Q2,BE,187217.0,76150.2,279988.0,66.86607997485606
2020Q3,BE,193059.0,67998.1,283374.3,68.12861999129774
2020Q4,BE,197621.0,73852.2,285181.9,69.29647358405285
2021Q1,BE,201162.0,68665.3,286665.8,70.17300284861327
2021Q2,BE,206450.0,82796.7,293312.3,70.38572879487155
2021Q3,BE,209716.0,71094.2,296408.4,70.75238083671043
2021Q4,BE,213404.0,78072.7,300628.9,70.98585664917778
2022Q1,BE,217269.0,72686.5,304650.1,71.31755413833773
2022Q2,BE,224056.0,93766.3,315619.7,70.98923166076135
2022Q3,BE,227527.0,77738.5,322264.0,70.60267358439044
2022Q4,BE,230625.0,85216.4,329407.7,70.01202461266084
2023Q1,BE,230955.0,82401.3,339122.5,68.10370883677727
2023Q2,BE,231719.0,102592.7,347948.9,66.59569839134424
2023Q3,BE,233020.0,83251.0,353461.4,65.9251618422832
2023Q4,BE,235311.0,90552.8,358797.8,65.58317804624221
2024Q1,BE,236561.0,84202.3,360598.8,65.60227044571418
2024Q2,BE,238161.0,106415.9,364422.0,65.35307967137001
2024Q3,BE,240383.0,86440.2,367611.19999999995,65.39055393306843
2024Q4,BE,243804.0,91887.1,368945.5,66.0813046913433
2025Q1,BE,241714.0,87952.7,372695.9,64.85555650062155
2025Q2,BE,243967.0,110168.5,376448.5,64.80753675469553
2025Q3,BE,246587.0,89593.4,379601.7,64.95940350109075
2003Q1,DE,921356.0,378399.0,1477856.0,62.344098477794866
2003Q2,DE,924700.0,368707.0,1488996.0,62.102248763596414
2003Q3,DE,930259.0,375245.0,1499610.0,62.03339534945752
2003Q4,DE,937379.0,384368.0,1506719.0,62.213259406697595
2004Q1,DE,931475.0,385653.0,1513973.0,61.52520553536952
2004Q2,DE,938066.0,377202.0,1522468.0,61.61482540191321
2004Q3,DE,946700.0,380489.0,1527712.0,61.96848620682432
2004Q4,DE,949457.0,393369.0,1536713.0,61.7849266583936
2005Q1,DE,946567.0,390012.0,1541072.0,61.422633076196306
2005Q2,DE,948569.0,385919.0,1549789.0,61.206331958737614
2005Q3,DE,955216.0,389884.0,1559184.0,61.26384057301768
2005Q4,DE,961186.0,401392.0,1567207.0,61.33114515185295
2006Q1,DE,968337.0,399715.0,1576910.0,61.40724581618482
2006Q2,DE,969945.0,394754.0,1585745.0,61.16651794582357
2006Q3,DE,975100.0,398425.0,1594286.0,61.16217541896498
2006Q4,DE,976123.0,411988.0,1604882.0,60.82210405500218
2007Q1,DE,971999.0,409881.0,1615048.0,60.183907846701764
2007Q2,DE,970016.0,403037.0,1623331.0,59.75466494510362
2007Q3,DE,969862.0,406518.0,1631424.0,59.44880055705936
2007Q4,DE,967492.0,419200.0,1638636.0,59.04252073065648
2008Q1,DE,962903.0,419805.0,1648560.0,58.408732469549186
2008Q2,DE,962159.0,417746.0,1663269.0,57.84746784795484
2008Q3,DE,963105.0,420882.0,1677633.0,57.40856313627594
2008Q4,DE,959840.0,417311.0,1675744.0,57.278438711402224
2009Q1,DE,953998.0,416258.0,1672197.0,57.05057478275586
2009Q2,DE,955100.0,413164.0,1667615.0,57.27341142889696
2009Q3,DE,960099.0,416056.0,1662789.0,57.74027853203263
2009Q4,DE,962332.0,424420.0,1669898.0,57.628190464327766
2010Q1,DE,959131.0,421390.0,1675030.0,57.26052667713414
2010Q2,DE,960486.0,419905.0,1681771.0,57.111580589747355
2010Q3,DE,965474.0,427613.0,1693328.0,57.01636068145096
2010Q4,DE,968542.0,437880.0,1706788.0,56.746473492900115
2011Q1,DE,967337.0,434661.0,1720059.0,56.238594141247475
2011Q2,DE,970857.0,435881.0,1736035.0,55.92381490004522
2011Q3,DE,976036.0,441548.0,1749970.0,55.77444184757453
2011Q4,DE,979941.0,449816.0,1761906.0,55.6182338898897
2012Q1,DE,979751.0,453070.0,1780315.0,55.0324521222368
2012Q2,DE,982867.0,443852.0,1788286.0,54.96139879191584
2012Q3,DE,990644.0,450491.0,1797229.0,55.120632929916
2012Q4,DE,999145.0,455045.0,1802458.0,55.4323595889613
2013Q1,DE,1000640.0,452032.0,1801420.0,55.547290470850776
2013Q2,DE,1006158.0,452601.0,1810169.0,55.583649924399325
2013Q3,DE,1014741.0,461170.0,1820848.0,55.72903394462361
2013Q4,DE,1019370.0,463791.0,1829594.0,55.715639644642465
2014Q1,DE,1020242.0,464949.0,1842511.0,55.37236955437444
2014Q2,DE,1026527.0,463294.0,1853204.0,55.392012967811425
2014Q3,DE,1036937.0,472801.0,1864835.0,55.60475859794566
2014Q4,DE,1049113.0,480337.0,1881381.0,55.76292096071981
2015Q1,DE,1051397.0,476085.0,1892517.0,55.55548510264373
2015Q2,DE,1061364.0,478188.0,1907411.0,55.64422140797133
2015Q3,DE,1075136.0,487183.0,1921793.0,55.944422734394394
2015Q4,DE,1085507.0,497770.0,1939226.0,55.976301885391386
2016Q1,DE,1089759.0,492767.0,1955908.0,55.71627090844764
2016Q2,DE,1101327.0,493636.0,1971356.0,55.86646957728589
2016Q3,DE,1115659.0,499937.0,1984110.0,56.229694926188564
2016Q4,DE,1125880.0,511915.0,1998255.0,56.343159406582245
2017Q1,DE,1131887.0,512316.0,2017804.0,56.09499237785236
2017Q2,DE,1147488.0,510296.0,2034464.0,56.40247259228966
2017Q3,DE,1163064.0,517456.0,2051983.0,56.68000173490716
2017Q4,DE,1174542.0,529813.0,2069881.0,56.744421539209256
2018Q1,DE,1184676.0,534043.0,2091608.0,56.63948502778723
2018Q2,DE,1201025.0,531831.0,2113143.0,56.83595478394032
2018Q3,DE,1218390.0,538345.0,2134032.0,57.09333318338244
2018Q4,DE,1231395.0,551685.0,2155904.0,57.117339176512495
2019Q1,DE,1242084.0,547444.0,2169305.0,57.25723215499895
2019Q2,DE,1262770.0,545504.0,2182978.0,57.84620825312944
2019Q3,DE,1283077.0,556349.0,2200982.0,58.295660755062976
2019Q4,DE,1301185.0,564790.0,2214087.0,58.76846754440995
2020Q1,DE,1316864.0,558412.0,2225055.0,59.18343591506727
2020Q2,DE,1336079.0,538508.0,2218059.0,60.23640489274632
2020Q3,DE,1362063.0,555813.0,2217523.0,61.42272256026205
2020Q4,DE,1386658.0,570029.0,2222762.0,62.38445681543953
2021Q1,DE,1405532.0,569644.0,2233994.0,62.915656890752615
2021Q2,DE,1432150.0,565194.0,2260680.0,63.35040784188828
2021Q3,DE,1460050.0,568852.0,2273719.0,64.21417950063311
2021Q4,DE,1485885.0,598301.0,2301991.0,64.54781969173642
2022Q1,DE,1505398.0,609374.0,2341721.0,64.28596745726753
2022Q2,DE,1531882.0,617939.0,2394466.0,63.975934508988644
2022Q3,DE,1554813.0,636857.0,2462471.0,63.140357795076575
2022Q4,DE,1567538.0,658745.0,2522915.0,62.13201792371126
2023Q1,DE,1571291.0,661307.0,2574848.0,61.0246119382581
2023Q2,DE,1576414.0,666790.0,2623699.0,60.083645265710736
2023Q3,DE,1583317.0,671823.0,2658665.0,59.55308397259527
2023Q4,DE,1585401.0,686879.0,2686799.0,59.007056352187114
2024Q1,DE,1586135.0,690805.0,2716297.0,58.39328320872128
2024Q2,DE,1591333.0,688636.0,2738143.0,58.117234928928106
2024Q3,DE,1599582.0,700867.0,2767187.0,57.80534528385686
2024Q4,DE,1605228.0,713632.0,2793940.0,57.453918122794335
2025Q1,DE,1611038.0,710743.0,2813878.0,57.253299538928125
2025Q2,DE,1621129.0,709690.0,2834932.0,57.18405238644172
2025Q3,DE,1634976.0,723949.0,2858014.0,57.206717671781874
2003Q1,ES,245865.0,120199.0,495998.0,49.56975632966262
2003Q2,ES,257531.0,139387.0,504956.0,51.00068124747503
2003Q3,ES,265990.0,125491.0,514778.0,51.67081732319563
2003Q4,ES,277573.0,138587.0,523664.0,53.005935103425095
2004Q1,ES,290334.0,127391.0,530856.0,54.691667796916676
2004Q2,ES,303232.0,147449.0,538918.0,56.26681610189305
2004Q3,ES,316791.0,131816.0,545243.0,58.100883459301635
2004Q4,ES,335665.0,147376.0,554032.0,60.58585063678632
2005Q1,ES,353692.0,134259.0,560900.0,63.05794259226244
2005Q2,ES,397093.0,159894.0,573345.0,69.258997636676
2005Q3,ES,421193.0,142159.0,583688.0,72.16064061621962
2005Q4,ES,450982.0,156081.0,592393.0,76.12885364951984
2006Q1,ES,477449.0,143063.0,601197.0,79.41639762008127
2006Q2,ES,504535.0,169422.0,610725.0,82.6124687870973
2006Q3,ES,525856.0,150185.0,618751.0,84.98669093060052
2006Q4,ES,551506.0,165626.0,628296.0,87.77805365623847
2007Q1,ES,573826.0,150420.0,635653.0,90.27346681286804
2007Q2,ES,596619.0,178258.0,644489.0,92.57241007992378
2007Q3,ES,612786.0,151462.0,645766.0,94.89288689711134
2007Q4,ES,626573.0,181847.0,661987.0,94.65034811861864
2008Q1,ES,638070.0,156914.0,668481.0,95.45073083602973
2008Q2,ES,648319.0,188361.0,678584.0,95.53997736462988
2008Q3,ES,654979.0,162220.0,689342.0,95.01510135752646
2008Q4,ES,658094.0,189823.0,697318.0,94.3750197184068
2009Q1,ES,654316.0,155720.0,696124.0,93.99417345185628
2009Q2,ES,654377.0,188374.0,696137.0,94.00118080205478
2009Q3,ES,655108.0,162988.0,696905.0,94.00248240434492
2009Q4,ES,657191.0,186138.0,693220.0,94.80266005020052
2010Q1,ES,658067.0,158683.0,696183.0,94.52500276507757
2010Q2,ES,663145.0,189136.0,696945.0,95.15026293323002
2010Q3,ES,661727.0,162611.0,696568.0,94.99819113137555
2010Q4,ES,665222.0,186966.0,697396.0,95.38655226012193
2011Q1,ES,660495.0,159669.0,698382.0,94.57503200254303
2011Q2,ES,661302.0,192126.0,701372.0,94.28691193831519
2011Q3,ES,657992.0,165333.0,704094.0,93.45229472201156
2011Q4,ES,658682.0,184793.0,701921.0,93.839905060541
2012Q1,ES,651808.0,154270.0,696522.0,93.58038942057824
2012Q2,ES,646261.0,179456.0,683852.0,94.50305036762342
2012Q3,ES,641493.0,157503.0,676022.0,94.89232598939088
2012Q4,ES,635058.0,174226.0,665455.0,95.4321479288607
2013Q1,ES,627305.0,151773.0,662958.0,94.62213292546436
2013Q2,ES,620726.0,181004.0,664506.0,93.411647148408
2013Q3,ES,612522.0,154906.0,661909.0,92.53870245003468
2013Q4,ES,606379.0,175794.0,663477.0,91.39412519198103
2014Q1,ES,598396.0,147555.0,659259.0,90.7679682795381
2014Q2,ES,594234.0,178056.0,656311.0,90.54152680665112
2014Q3,ES,587779.0,156008.0,657413.0,89.40787602313918
2014Q4,ES,581720.0,183006.0,664625.0,87.52604852360354
2015Q1,ES,575905.0,155747.0,672817.0,85.59608333320948
2015Q2,ES,565921.0,188073.0,682834.0,82.87826909614928
2015Q3,ES,559640.0,162433.0,689259.0,81.19444214729151
2015Q4,ES,554077.0,185750.0,692003.0,80.06858351770151
2016Q1,ES,548901.0,160099.0,696355.0,78.82488098742739
2016Q2,ES,546054.0,195107.0,703389.0,77.63186515569622
2016Q3,ES,542399.0,163880.0,704836.0,76.9539297084712
2016Q4,ES,537693.0,191057.0,710143.0,75.71615857651204
2017Q1,ES,533693.0,163147.0,713191.0,74.83170707426201
2017Q2,ES,530721.0,201918.0,720002.0,73.71104524709654
2017Q3,ES,528096.0,167886.0,724008.0,72.94063049027083
2017Q4,ES,523989.0,198851.0,731802.0,71.60256462813712
2018Q1,ES,527140.0,168167.0,736822.0,71.54238065638648
2018Q2,ES,526898.0,206026.0,740930.0,71.11306061301337
2018Q3,ES,523787.0,173390.0,746434.0,70.17191071146277
2018Q4,ES,521262.0,205363.0,752946.0,69.22966587245301
2019Q1,ES,520458.0,176562.0,761341.0,68.36069514186153
2019Q2,ES,519371.0,220561.0,775876.0,66.93994916713496
2019Q3,ES,515840.0,179936.0,782422.0,65.92861652663142
2019Q4,ES,513575.0,213515.0,790574.0,64.96229321986303
2020Q1,ES,510961.0,181037.0,795049.0,64.26786273550435
2020Q2,ES,508151.0,201853.0,776341.0,65.45461337221658
2020Q3,ES,507037.0,182403.0,778808.0,65.10423621739889
2020Q4,ES,506905.0,207699.0,772992.0,65.57700467792681
2021Q1,ES,507408.0,182617.0,774572.0,65.50817741927155
2021Q2,ES,510050.0,217506.0,790225.0,64.5449080957955
2021Q3,ES,510537.0,189381.0,797203.0,64.04102844570329
2021Q4,ES,513090.0,221675.0,811179.0,63.25237709556091
2022Q1,ES,514573.0,192488.0,821050.0,62.672553437671276
2022Q2,ES,516360.0,229289.0,832833.0,62.000425055203145
2022Q3,ES,516048.0,197172.0,840624.0,61.38868269285673
2022Q4,ES,512250.0,235610.0,854559.0,59.9431987727003
2023Q1,ES,506363.0,209806.0,871877.0,58.077343478495244
2023Q2,ES,502580.0,254966.0,897554.0,55.994402565193845
2023Q3,ES,499135.0,219221.0,919603.0,54.27722615084988
2023Q4,ES,495908.0,256667.0,940660.0,52.719154636106566
2024Q1,ES,493852.0,229657.0,960511.0,51.41554859861053
2024Q2,ES,495039.0,274645.0,980190.0,50.50439200563156
2024Q3,ES,496108.0,232924.0,993893.0,49.9156347816113
2024Q4,ES,497875.0,273721.0,1010947.0,49.24837800596866
2025Q1,ES,500959.0,242246.0,1023536.0,48.94395507339263
2025Q2,ES,506725.0,290814.0,1039705.0,48.737382238231035
2025Q3,ES,510835.0,242931.0,1049712.0,48.66430030332129
2003Q1,FI,32050.0,19148.0,78330.0,40.91663475041491
2003Q2,FI,33514.0,21297.0,80165.0,41.806274558722635
2003Q3,FI,34868.0,20272.0,80974.0,43.060735544742755
2003Q4,FI,36049.0,21111.0,81828.0,44.0546023366085
2004Q1,FI,37164.0,19431.0,82111.0,45.260683708638304
2004Q2,FI,38793.0,22818.0,83632.0,46.38535488808112
2004Q3,FI,40178.0,21176.0,84536.0,47.527680514810264
2004Q4,FI,41544.0,22535.0,85960.0,48.32945556072592
2005Q1,FI,42806.0,19713.0,86242.0,49.634748730317014
2005Q2,FI,44997.0,23700.0,87124.0,51.6470777282953
2005Q3,FI,46901.0,22072.0,88020.0,53.284480799818226
2005Q4,FI,48490.0,22772.0,88257.0,54.94181764619237
2006Q1,FI,49758.0,21324.0,89868.0,55.36787288022433
2006Q2,FI,51726.0,23694.0,89862.0,57.56159444481538
2006Q3,FI,53672.0,22922.0,90712.0,59.16747508598642
2006Q4,FI,55307.0,23843.0,91783.0,60.25843565801946
2007Q1,FI,56782.0,22063.0,92522.0,61.37134951687167
2007Q2,FI,58868.0,25850.0,94678.0,62.17706330932212
2007Q3,FI,60641.0,24112.0,95868.0,63.254683523177704
2007Q4,FI,62173.0,25261.0,97286.0,63.907448142589885
2008Q1,FI,63510.0,23034.0,98257.0,64.63661622072728
2008Q2,FI,65534.0,27789.0,100196.0,65.40580462293903
2008Q3,FI,66941.0,25235.0,101319.0,66.06954273137319
2008Q4,FI,67633.0,26863.0,102921.0,65.71350841907872
2009Q1,FI,68167.0,23571.0,103458.0,65.88857314079142
2009Q2,FI,69485.0,28215.0,103884.0,66.88710484771477
2009Q3,FI,70694.0,26351.0,105000.0,67.32761904761905
2009Q4,FI,71861.0,27481.0,105618.0,68.03859190668258
2010Q1,FI,72627.0,25532.0,107579.0,67.5103877150745
2010Q2,FI,74195.0,29211.0,108575.0,68.33525212986416
2010Q3,FI,75514.0,27049.0,109273.0,69.1058175395569
2010Q4,FI,76748.0,28658.0,110450.0,69.48664554096877
2011Q1,FI,77530.0,26399.0,111317.0,69.64794236280173
2011Q2,FI,79102.0,31039.0,113145.0,69.91205974634319
2011Q3,FI,80542.0,27976.0,114072.0,70.60628375061366
2011Q4,FI,81783.0,29774.0,115188.0,70.99958328992604
2012Q1,FI,82548.0,26626.0,115415.0,71.52276567170645
2012Q2,FI,84229.0,32264.0,116640.0,72.2127914951989
2012Q3,FI,85468.0,29120.0,117784.0,72.56333627657406
2012Q4,FI,86347.0,30282.0,118292.0,72.99479254725594
2013Q1,FI,86711.0,28122.0,119788.0,72.38705045580525
2013Q2,FI,87445.0,32240.0,119764.0,73.01442837580575
2013Q3,FI,87944.0,29591.0,120235.0,73.14342745456813
2013Q4,FI,88314.0,30851.0,120804.0,73.10519519221218
2014Q1,FI,88405.0,27939.0,120621.0,73.29154956433788
2014Q2,FI,88991.0,32422.0,120803.0,73.66621689858695
2014Q3,FI,89389.0,30179.0,121391.0,73.63725482119762
2014Q4,FI,89764.0,31728.0,122268.0,73.41577518238623
2015Q1,FI,89920.0,28734.0,123063.0,73.06826584757401
2015Q2,FI,90718.0,33154.0,123795.0,73.28082717395694
2015Q3,FI,91363.0,30561.0,124177.0,73.57481659244466
2015Q4,FI,91955.0,31825.0,124274.0,73.99375573329901
2016Q1,FI,92162.0,29716.0,125256.0,73.57891039151816
2016Q2,FI,93086.0,33594.0,125696.0,74.05645366598777
2016Q3,FI,93646.0,30586.0,125721.0,74.48715807223932
2016Q4,FI,94057.0,32273.0,126169.0,74.54842314673176
2017Q1,FI,94280.0,30576.0,127029.0,74.21927276448686
2017Q2,FI,94985.0,34333.0,127768.0,74.34177571848977
2017Q3,FI,95672.0,31856.0,129038.0,74.14250065872069
2017Q4,FI,96138.0,32334.0,129099.0,74.46843120395975
2018Q1,FI,96246.0,31504.0,130027.0,74.02001122843717
2018Q2,FI,96979.0,35167.0,130861.0,74.10840510159635
2018Q3,FI,97453.0,32636.0,131641.0,74.02936775016902
2018Q4,FI,97789.0,34021.0,133328.0,73.3446837873515
2019Q1,FI,98075.0,32112.0,133936.0,73.2252717715924
2019Q2,FI,98932.0,37139.0,135908.0,72.79336021426259
2019Q3,FI,99640.0,35390.0,138662.0,71.85818753515744
2019Q4,FI,100353.0,33208.0,137849.0,72.79922233748522
2020Q1,FI,100693.0,33436.0,139173.0,72.3509588785181
2020Q2,FI,101487.0,36199.0,138233.0,73.41734607510507
2020Q3,FI,102461.0,35568.0,138411.0,74.02663083136456
2020Q4,FI,103611.0,33821.0,139024.0,74.52741972609046
2021Q1,FI,104416.0,33784.0,139372.0,74.91892202163993
2021Q2,FI,105711.0,37937.0,141110.0,74.91389695981859
2021Q3,FI,106735.0,37080.0,142622.0,74.83768282593148
2021Q4,FI,107759.0,34545.0,143346.0,75.17405438589148
2022Q1,FI,108253.0,34990.0,144552.0,74.8886213957607
2022Q2,FI,109257.0,39978.0,146593.0,74.53084390114125
2022Q3,FI,109540.0,38518.0,148031.0,73.99801392951476
2022Q4,FI,109315.0,36157.0,149643.0,73.05052692073802
2023Q1,FI,108348.0,37069.0,151722.0,71.41218808083205
2023Q2,FI,107886.0,41758.0,153502.0,70.28312334692708
2023Q3,FI,107513.0,40500.0,155484.0,69.14730776157032
2023Q4,FI,107491.0,37949.0,157276.0,68.34545639512703
2024Q1,FI,106652.0,37805.0,158012.0,67.4961395337063
2024Q2,FI,106520.0,42383.0,158637.0,67.1470085793352
2024Q3,FI,106326.0,41804.0,159941.0,66.4782638597983
2024Q4,FI,106234.0,39370.0,161362.0,65.83582256045413
2025Q1,FI,106025.0,38487.0,162044.0,65.42975981832096
2025Q2,FI,106172.0,42842.0,162503.0,65.33540919244568
2025Q3,FI,106213.0,42150.0,162849.0,65.22176986042284
2003Q1,FR,355351.0,250983.9,1009149.4,35.21292288337089
2003Q2,FR,362184.0,265888.5,1015555.0,35.66365189477675
2003Q3,FR,375041.0,251044.3,1023988.6000000001,36.62550540113435
2003Q4,FR,385078.0,259834.4,1027751.1,37.46802119696102
2004Q1,FR,395548.0,260988.1,1037755.3,38.11572920899561
2004Q2,FR,408458.0,279521.1,1051387.9,38.84941038412179
2004Q3,FR,422246.0,262244.7,1062588.2999999998,39.73749758020111
2004Q4,FR,432396.0,268779.0,1071532.9,40.35303069089153
2005Q1,FR,443843.0,268265.3,1078810.0999999999,41.14190254614784
2005Q2,FR,459740.0,290452.7,1089741.7000000002,42.18797904127188
2005Q3,FR,477642.0,267546.4,1095043.4,43.61854516451129
2005Q4,FR,495105.0,280946.0,1107210.4,44.7164332993982
2006Q1,FR,512360.0,277599.4,1116544.5,45.8880053593923
2006Q2,FR,531165.0,306666.1,1132757.9,46.89130837224795
2006Q3,FR,552022.0,283162.2,1148373.7,48.069892231074256
2006Q4,FR,569975.0,299013.9,1166441.6,48.864426645963235
2007Q1,FR,586755.0,294663.0,1183505.2,49.57772893604523
2007Q2,FR,605984.0,324493.8,1201332.9,50.44263750705571
2007Q3,FR,625162.0,295389.2,1213559.9000000001,51.51472127581012
2007Q4,FR,643142.0,312015.3,1226561.2999999998,52.43455830540228
2008Q1,FR,658172.0,308259.9,1240158.2,53.07161618574147
2008Q2,FR,670467.0,339611.4,1255275.8,53.41192748239072
2008Q3,FR,687832.0,303268.6,1263155.2000000002,54.453482834096704
2008Q4,FR,691182.0,315956.0,1267095.9,54.548515230772985
2009Q1,FR,692432.0,307064.8,1265900.8,54.698756806220516
2009Q2,FR,695850.0,337080.9,1263370.3,55.078863259647626
2009Q3,FR,705707.0,308851.0,1268952.7,55.61334161627932
2009Q4,FR,716448.0,317886.0,1270882.7,56.374046164921445
2010Q1,FR,724732.0,313044.5,1276862.4,56.75881755152318
2010Q2,FR,737556.0,347929.4,1287710.9000000001,57.276520684883536
2010Q3,FR,753399.0,319434.9,1298294.8,58.02988658662116
2010Q4,FR,775265.0,325598.4,1306007.2000000002,59.361464469721135
2011Q1,FR,784504.0,321670.5,1314633.2000000002,59.67474425566005
2011Q2,FR,800275.0,360841.6,1327545.4,60.28230748266689
2011Q3,FR,813570.0,322791.3,1330901.8,61.129228317220694
2011Q4,FR,823258.0,328874.7,1334178.0999999999,61.70525509300445
2012Q1,FR,832134.0,326773.4,1339281.0,62.13289070777529
2012Q2,FR,836133.0,365125.4,1343564.8,62.23242823866776
2012Q3,FR,842127.0,328133.3,1348906.8,62.430332473674234
2012Q4,FR,847604.0,329072.5,1349104.6,62.82715217189237
2013Q1,FR,853621.0,328863.8,1351195.0,63.17526337797283
2013Q2,FR,861995.0,354374.8,1340444.4,64.30665829929238
2013Q3,FR,871707.0,328759.6,1341070.7,65.00082359565383
2013Q4,FR,881742.0,333202.5,1345200.7,65.5472451062507
2014Q1,FR,885808.0,332705.4,1349042.2999999998,65.6619885084404
2014Q2,FR,846933.0,359548.8,1354216.3,62.54045236348137
2014Q3,FR,853951.0,334697.7,1360154.4,62.783386944893905
2014Q4,FR,858016.0,338209.9,1365161.8,62.85086500369407
2015Q1,FR,865730.0,336555.4,1369011.8,63.237584949961715
2015Q2,FR,875873.0,363684.9,1373147.9,63.78577282170406
2015Q3,FR,886793.0,338642.6,1377092.8,64.39602327453893
2015Q4,FR,886873.0,342964.0,1381846.9,64.18026483252234
2016Q1,FR,892944.0,341524.4,1386815.9,64.38807054346579
2016Q2,FR,903569.0,372623.8,1395754.8,64.7369437669138
2016Q3,FR,918263.0,342899.8,1400012.0,65.58965208869638
2016Q4,FR,928268.0,348435.7,1405483.7000000002,66.04615905541984
2017Q1,FR,949597.0,352152.7,1416112.0,67.05663111392319
2017Q2,FR,955548.0,380231.5,1423719.7,67.11630105279852
2017Q3,FR,962337.0,350869.1,1431689.0,67.21690255355736
2017Q4,FR,984357.0,357991.7,1441245.0,68.2990747582819
2018Q1,FR,995299.0,358562.6,1447654.9,68.75250448155842
2018Q2,FR,1009617.0,396259.0,1463682.4,68.97787388848839
2018Q3,FR,1028768.0,357409.1,1470222.4,69.97363120028643
2018Q4,FR,1046155.0,369757.9,1481988.5999999999,70.59129874548293
2019Q1,FR,1061241.0,375910.6,1499336.6,70.78070394599851
2019Q2,FR,1065982.0,410606.0,1513683.6,70.42303953085043
2019Q3,FR,1090052.0,375523.2,1531797.7,71.16161618469593
2019Q4,FR,1111504.0,369555.7,1531595.5,72.57164179445552
2020Q1,FR,1123473.0,378356.6,1534041.5,73.23615430221412
2020Q2,FR,1138126.0,409609.2,1533044.7,74.23958349029223
2020Q3,FR,1167532.0,375373.5,1532895.0,76.1651646068387
2020Q4,FR,1191212.0,384691.0,1548030.3,76.95017339130894
2021Q1,FR,1201358.0,388848.5,1558522.2,77.08314966575388
2021Q2,FR,1224219.0,442230.6,1591143.6,76.93956723956279
2021Q3,FR,1251219.0,390172.5,1605942.6,77.91181328647735
2021Q4,FR,1270329.0,402396.4,1623648.0,78.2391873115355
2022Q1,FR,1282100.0,405743.9,1640543.4,78.15093462324741
2022Q2,FR,1299698.0,461489.9,1659802.7,78.30436713954015
2022Q3,FR,1322451.0,412830.1,1682460.3000000003,78.60221129734828
2022Q4,FR,1330537.0,432446.4,1712510.3,77.6951239358969
2023Q1,FR,1334458.0,441753.5,1748519.9,76.3192915333706
2023Q2,FR,1306321.0,502098.5,1789128.5,73.01437543474378
2023Q3,FR,1309338.0,444749.9,1821048.2999999998,71.90023460662741
2023Q4,FR,1322997.0,460055.8,1848657.7,71.56527679515791
2024Q1,FR,1298873.0,469407.6,1876311.8,69.2247951539824
2024Q2,FR,1292319.0,526441.4,1900654.7,67.99336039313191
2024Q3,FR,1293937.0,466273.1,1922177.9,67.31619378206358
2024Q4,FR,1287744.0,475303.4,1937425.5,66.46676220582417
2025Q1,FR,1288700.0,477400.8,1945418.7,66.24280932428583
2025Q2,FR,1290612.0,533560.8,1952538.1,66.09919673270396
2025Q3,FR,1294177.0,469007.5,1955272.5,66.1890861759678
2003Q1,GR,22199.0,27311.28,117721.26,18.85725653972783
2003Q2,GR,23534.0,30784.25,118591.84,19.844535678002803
2003Q3,GR,24873.0,32637.23,122516.6,20.301738703163487
2003Q4,GR,26364.0,34914.62,125647.38,20.982530634542478
2004Q1,GR,27719.0,30183.91,128520.01000000001,21.567847683796476
2004Q2,GR,28855.0,34547.85,132283.61,21.812981971084707
2004Q3,GR,30648.0,34246.86,133893.24,22.889878533076054
2004Q4,GR,32944.0,35947.28,134925.9,24.416364834327585
2005Q1,GR,34898.0,30548.57,135290.56,25.794852205504952
2005Q2,GR,35909.0,35089.28,135831.99,26.436335063632654
2005Q3,GR,38825.0,35050.14,136635.27,28.41506442663011
2005Q4,GR,43001.0,36628.8,137316.79,31.315180030060414
2006Q1,GR,45720.0,32831.7,139599.91999999998,32.7507351007078
2006Q2,GR,46731.0,37733.78,142244.41999999998,32.85260680172903
2006Q3,GR,48948.0,37679.35,144873.63,33.78668705961188
2006Q4,GR,52313.0,41923.49,150168.31999999998,34.836242424500725
2007Q1,GR,55975.0,35493.14,152829.76,36.62572001683442
2007Q2,GR,57922.0,41395.48,156491.46000000002,37.012882364315594
2007Q3,GR,59883.0,41235.27,160047.38,37.415795247632296
2007Q4,GR,63385.0,41841.99,159965.88,39.62407483395834
2008Q1,GR,64883.0,38868.01,163340.75,39.722481989338235
2008Q2,GR,66709.0,44326.45,166271.72,40.120472681704385
2008Q3,GR,65561.0,44754.93,169791.38,38.612678688399846
2008Q4,GR,65267.0,44642.69,172592.08000000002,37.81575608799662
2009Q1,GR,65398.0,40365.95,174090.02,37.565622658897965
2009Q2,GR,65392.0,44519.32,174282.89,37.52060801837748
2009Q3,GR,66440.0,43317.07,172845.03,38.43905722947313
2009Q4,GR,67703.0,46568.8,174771.14,38.73808913760017
2010Q1,GR,68550.0,39236.83,173642.02,39.477771567043504
2010Q2,GR,80495.0,39636.74,168759.44,47.69807247523457
2010Q3,GR,80314.0,38130.96,163573.33000000002,49.09969125162396
2010Q4,GR,79621.0,40052.08,157056.61,50.69573321364825
2011Q1,GR,78953.0,33766.2,151585.97999999998,52.084632101200924
2011Q2,GR,78927.0,37758.95,149708.19,52.7205625824479
2011Q3,GR,78318.0,35924.03,147501.26,53.09649558247841
2011Q4,GR,77554.0,35346.16,142795.34,54.31129615294169
2012Q1,GR,76763.0,30128.68,139157.82,55.16254853661835
2012Q2,GR,76161.0,31388.74,132787.61000000002,57.35550176706998
2012Q3,GR,74952.0,30174.93,127038.51000000001,58.99943253427641
2012Q4,GR,74483.0,33488.78,125181.13,59.50018185648268
2013Q1,GR,73370.0,27601.03,122653.48000000001,59.81893053503251
2013Q2,GR,72454.0,30146.06,121410.8,59.67673386552102
2013Q3,GR,71735.0,29580.14,120816.01,59.37540893793795
2013Q4,GR,70881.0,29718.15,117045.38,60.558562841181775
2014Q1,GR,70807.0,26229.82,115674.17,61.21245564156631
2014Q2,GR,70453.0,29716.53,115244.64,61.13342885187545
2014Q3,GR,69729.0,30831.39,116495.89,59.8553305185273
2014Q4,GR,69244.0,29678.47,116456.20999999999,59.459259407463115
2015Q1,GR,69352.0,28418.29,118644.68000000001,58.45352695122949
2015Q2,GR,68835.0,29295.72,118223.87000000001,58.224282456664625
2015Q3,GR,67860.0,30290.0,117682.48000000001,57.66363863168077
2015Q4,GR,67430.0,29488.56,117492.57,57.39086309883255
2016Q1,GR,66437.0,27002.97,116077.25,57.23516020581122
2016Q2,GR,65888.0,29049.95,115831.48,56.88263674089289
2016Q3,GR,65211.0,28871.89,114413.37,56.99596122376257
2016Q4,GR,61221.0,31239.6,116164.41,52.70202809965634
2017Q1,GR,60669.0,28034.94,117196.38,51.76695730704311
2017Q2,GR,60075.0,30192.61,118339.04000000001,50.765157466208954
2017Q3,GR,59251.0,29248.9,118716.05,49.90984791020254
2017Q4,GR,58620.0,29677.54,117153.98999999999,50.03670809675369
2018Q1,GR,58021.0,27428.07,116547.12,49.78329794850358
2018Q2,GR,57582.0,30418.43,116772.94,49.31108183111601
2018Q3,GR,57198.0,29686.11,117210.15,48.7995280272229
2018Q4,GR,56564.0,29309.98,116842.59,48.41042979276649
2019Q1,GR,55949.0,28997.73,118412.25,47.249334422747644
2019Q2,GR,55143.0,32695.6,120689.42000000001,45.69000331594931
2019Q3,GR,53303.0,32221.04,123224.34999999999,43.25687252560066
2019Q4,GR,52503.0,31436.61,125350.98,41.88479419945501
2020Q1,GR,50296.0,29714.05,126067.3,39.89615070680502
2020Q2,GR,49856.0,29831.34,123203.04000000001,40.46653394266894
2020Q3,GR,49212.0,32082.21,123064.20999999999,39.988880601435625
2020Q4,GR,45906.0,28276.74,119904.34,38.28551994031242
2021Q1,GR,45305.0,29983.0,120173.29,37.69972512194682
2021Q2,GR,41168.0,33841.39,124183.34,33.15098466509276
2021Q3,GR,36909.0,35173.2,127274.33,28.99956338406967
2021Q4,GR,30638.0,33171.04,132168.63,23.180992342888022
2022Q1,GR,30257.0,31269.41,133455.04,22.672054948243243
2022Q2,GR,30058.0,33252.89,132866.53999999998,22.622700944872957
2022Q3,GR,29859.0,39724.55,137417.89,21.728611900532016
2022Q4,GR,29498.0,35631.43,139878.28,21.088334800799664
2023Q1,GR,29051.0,35724.29,144333.16,20.12773779774516
2023Q2,GR,28640.0,37100.73,148181.0,19.32771407940289
2023Q3,GR,28365.0,39936.38,148392.83000000002,19.114804940373464
2023Q4,GR,28195.0,38948.81,151710.21000000002,18.58477422185362
2024Q1,GR,27333.0,36955.41,152941.33000000002,17.871558982781174
2024Q2,GR,27167.0,39034.58,154875.18,17.54122255096007
2024Q3,GR,26799.0,43808.28,158747.08000000002,16.881570357073652
2024Q4,GR,26238.0,38771.78,158570.05,16.546630337822307
2025Q1,GR,26053.0,37930.74,159545.38,16.329523299264448
2025Q2,GR,25171.0,41904.82,162415.62,15.497893613927035
2025Q3,GR,25226.0,44630.81,163238.15,15.453495399206622
2003Q1,IE,45540.0,16458.79,64391.47,70.72365330376834
2003Q2,IE,46963.0,17466.14,65603.61,71.5859996119116
2003Q3,IE,50940.0,17479.27,66668.69,76.40768102688084
2003Q4,IE,55012.0,16466.65,67870.85,81.05394289300929
2004Q1,IE,58270.0,17634.22,69046.28,84.3926711185599
2004Q2,IE,62293.0,18704.98,70285.12,88.62900141594695
2004Q3,IE,69094.0,18900.45,71706.3,96.35694492673586
2004Q4,IE,73739.0,17722.76,72962.41,101.06436999545383
2005Q1,IE,77257.0,19373.66,74701.85,103.42046415182489
2005Q2,IE,82687.0,20941.46,76938.33,107.47178941887611
2005Q3,IE,88589.0,20548.65,78586.53,112.72797004779318
2005Q4,IE,94776.0,19185.54,80049.31,118.39702303492685
2006Q1,IE,100617.0,21216.64,81892.29,122.86504626992358
2006Q2,IE,105008.0,22997.76,83948.59,125.08607946839847
2006Q3,IE,108667.0,22188.87,85588.81,126.964027190003
2006Q4,IE,111403.0,19808.9,86212.17,129.21957538013484
2007Q1,IE,113209.0,22634.25,87629.78,129.19009953009126
2007Q2,IE,116598.0,24282.99,88915.01000000001,131.13421457187036
2007Q3,IE,121460.0,24318.91,91045.05,133.40648393295407
2007Q4,IE,124019.0,22141.28,93377.43,132.81474977411568
2008Q1,IE,125410.0,24593.83,95337.01,131.5438778707241
2008Q2,IE,121553.0,26230.45,97284.47,124.94594460965867
2008Q3,IE,124006.0,25489.2,98454.76000000001,125.95226477622819
2008Q4,IE,115233.0,22897.63,99211.11000000002,116.14929013494555
2009Q1,IE,114513.0,23915.98,98533.26000000001,116.21761017548795
2009Q2,IE,114404.0,24105.61,96408.42,118.66598373876474
2009Q3,IE,110241.0,23334.21,94253.43,116.96232168951306
2009Q4,IE,110307.0,20996.47,92352.26999999999,119.44156868044502
2010Q1,IE,109531.0,22730.11,91166.4,120.14404429702172
2010Q2,IE,107790.0,23270.49,90331.28,119.3274356346993
2010Q3,IE,107925.0,22453.52,89450.59000000001,120.6532008341141
2010Q4,IE,99688.0,21000.02,89454.14000000001,111.44034250399142
2011Q1,IE,98961.0,22033.62,88757.65000000001,111.49574149383179
2011Q2,IE,98428.0,22648.34,88135.5,111.6780411979282
2011Q3,IE,98058.0,21999.3,87681.28,111.83459000598532
2011Q4,IE,80476.0,21828.76,88510.02,90.92303899603684
2012Q1,IE,79954.0,22743.29,89219.69,89.61474759663479
2012Q2,IE,80092.0,22944.23,89515.58,89.472692909994
2012Q3,IE,79433.0,22771.41,90287.69,87.97766340018224
2012Q4,IE,85059.0,22181.61,90640.54000000001,93.84211523894275
2013Q1,IE,84392.0,22422.5,90319.75,93.43692824659058
2013Q2,IE,83662.0,23215.69,90591.20999999999,92.35112324915409
2013Q3,IE,84958.0,22634.14,90453.93999999999,93.9240457629596
2013Q4,IE,83403.0,22418.06,90690.38999999998,91.96454001355603
2014Q1,IE,83380.0,22577.36,90845.25,91.78245422848195
2014Q2,IE,80956.0,23260.59,90890.15000000001,89.07015776737083
2014Q3,IE,80926.0,23050.27,91306.28,88.63136248678623
2014Q4,IE,78375.0,22938.84,91827.06000000001,85.35065807399256
2015Q1,IE,77655.0,23651.93,92901.63,83.58841497183633
2015Q2,IE,77390.0,24840.91,94481.95,81.9098251041601
2015Q3,IE,76669.0,24810.3,96241.98,79.66274176819721
2015Q4,IE,77114.0,23660.49,96963.63,79.5287882683435
2016Q1,IE,74516.0,24768.99,98080.69,75.97418003482642
2016Q2,IE,73927.0,25682.45,98922.23000000001,74.73244386019199
2016Q3,IE,75036.0,26351.03,100462.95999999999,74.69021418441186
2016Q4,IE,73564.0,24931.89,101734.36000000002,72.30988625671797
2017Q1,IE,73918.0,26388.66,103354.03,71.51922377869542
2017Q2,IE,76481.0,27301.88,104973.45999999999,72.85746321022476
2017Q3,IE,77243.0,27835.72,106458.15,72.55715039196154
2017Q4,IE,74884.0,26725.16,108251.42000000001,69.17599787605556
2018Q1,IE,75198.0,27071.94,108934.70000000001,69.0303457025172
2018Q2,IE,75658.0,28739.05,110371.87,68.54826324859768
2018Q3,IE,76859.0,29012.25,111548.4,68.90192956600005
2018Q4,IE,76208.0,28075.06,112898.29999999999,67.50145927795194
2019Q1,IE,74661.0,29267.64,115094.0,64.86958486107008
2019Q2,IE,74532.0,30799.4,117154.35,63.618636439876106
2019Q3,IE,76102.0,30621.65,118763.75,64.07847512393302
2019Q4,IE,76554.0,30177.73,120866.42000000001,63.33769131244228
2020Q1,IE,73406.0,32194.7,123793.48,59.297145536259265
2020Q2,IE,73444.0,31900.91,124894.99,58.80460056884588
2020Q3,IE,74457.0,30990.21,125263.54999999999,59.44027612182475
2020Q4,IE,73823.0,30729.81,125815.63,58.67553975607005
2021Q1,IE,74124.0,31164.08,124785.01000000001,59.401365596717106
2021Q2,IE,73707.0,33658.35,126542.45,58.24685708234668
2021Q3,IE,69205.0,34503.76,130056.0,53.21169342437104
2021Q4,IE,70258.0,33072.04,132398.23,53.065664095358365
2022Q1,IE,84549.0,33975.71,135209.86,62.531682230866906
2022Q2,IE,83786.0,36890.4,138441.91,60.52069059145456
2022Q3,IE,83399.0,37495.23,141433.38,58.96698502149916
2022Q4,IE,83434.0,35833.16,144194.5,57.86212372871364
2023Q1,IE,82880.0,38561.4,148780.19,55.70634101220061
2023Q2,IE,83193.0,40447.12,152336.91,54.6111904199711
2023Q3,IE,83863.0,40827.25,155668.93,53.87266424969967
2023Q4,IE,84213.0,39489.6,159325.37,52.855988974009605
2024Q1,IE,84175.0,42901.84,163665.81,51.43102276523117
2024Q2,IE,84587.0,43477.41,166696.1,50.7432387440378
2024Q3,IE,85126.0,44192.84,170061.69,50.05595322497383
2024Q4,IE,86047.0,43020.05,173592.14,49.568488527187924
2025Q1,IE,86568.0,44723.91,175414.21000000002,49.35061988421576
2025Q2,IE,90880.0,46319.19,178255.99,50.982858977137326
2025Q3,IE,92570.0,46664.23,180727.38,51.22079454701329
2003Q1,IT,136956.0,235317.3,954595.6000000001,14.347017731906577
2003Q2,IT,141114.0,253003.6,960761.4,14.687725797476874
2003Q3,IT,147686.0,239228.3,971635.4,15.199734385964117
2003Q4,IT,154374.0,253169.7,980718.9,15.74090190369534
2004Q1,IT,160120.0,243760.9,989162.5,16.18743128656818
2004Q2,IT,168231.0,262537.2,998696.1,16.8450642793138
2004Q3,IT,175844.0,249317.8,1008785.6000000001,17.431255957658394
2004Q4,IT,185016.0,262428.3,1018044.2,18.173670652020807
2005Q1,IT,188703.0,250759.3,1025042.6000000001,18.40928367269809
2005Q2,IT,199600.0,265968.4,1028473.8,19.40739764104832
2005Q3,IT,206984.0,252640.5,1031796.5,20.06054488457753
2005Q4,IT,217221.0,275328.1,1044696.3,20.792741392881357
2006Q1,IT,225334.0,260196.4,1054133.4,21.37623188867747
2006Q2,IT,232636.0,275911.9,1064076.9,21.8627055995671
2006Q3,IT,239472.0,264173.8,1075610.2,22.26382754644759
2006Q4,IT,244409.0,283093.0,1083375.0999999999,22.559960995965298
2007Q1,IT,249273.0,269830.7,1093009.4,22.806116763497187
2007Q2,IT,254564.0,293727.2,1110824.7,22.916667229311702
2007Q3,IT,263073.0,269192.9,1115843.8,23.576149278241274
2007Q4,IT,265560.0,288362.5,1121113.3,23.6871688169251
2008Q1,IT,259955.0,277331.0,1128613.6,23.0331266608873
2008Q2,IT,256259.0,301047.5,1135933.9000000001,22.55932321414124
2008Q3,IT,261715.0,274995.2,1141736.2,22.922545505695624
2008Q4,IT,264414.0,284676.3,1138050.0,23.23395281402399
2009Q1,IT,265162.0,272773.1,1133492.0999999999,23.393369922913447
2009Q2,IT,271103.0,286604.8,1119049.4,24.226186976196047
2009Q3,IT,273916.0,267968.9,1112023.1,24.63222211840743
2009Q4,IT,280481.0,285650.1,1112996.9,25.20051942642428
2010Q1,IT,286850.0,268097.7,1108321.5,25.88147933609517
2010Q2,IT,343508.0,285227.8,1106944.5,31.032088781325534
2010Q3,IT,346990.0,267960.3,1106935.9,31.346891902232098
2010Q4,IT,352269.0,290337.0,1111622.8,31.68961629790249
2011Q1,IT,356857.0,275417.5,1118942.6,31.89234193067633
2011Q2,IT,361533.0,293434.4,1127149.2,32.074990604615614
2011Q3,IT,364445.0,276030.4,1135219.3,32.10348872680371
2011Q4,IT,367815.0,295404.9,1140287.2,32.256347348282084
2012Q1,IT,366975.0,272378.9,1137248.6,32.26867019225172
2012Q2,IT,367269.0,287009.8,1130824.0,32.477998344569976
2012Q3,IT,366416.0,267442.2,1122235.8,32.650535653915156
2012Q4,IT,365979.0,280427.4,1107258.3,33.05272130269874
2013Q1,IT,364827.0,268511.1,1103390.5,33.064178094699926
2013Q2,IT,364093.0,279952.8,1096333.5,33.21005880053834
2013Q3,IT,362535.0,274303.3,1103194.6,32.86228920990005
2013Q4,IT,362498.0,287880.0,1110647.2,32.63844720447682
2014Q1,IT,361176.0,270385.0,1112521.1,32.46464269306892
2014Q2,IT,360549.0,282748.0,1115316.3,32.32706273547692
2014Q3,IT,359948.0,275676.0,1116689.0,32.23350458363967
2014Q4,IT,359323.0,290213.3,1119022.2999999998,32.11044140943394
2015Q1,IT,358836.0,271591.0,1120228.2999999998,32.032399110074266
2015Q2,IT,360801.0,286762.8,1124243.0999999999,32.092792030478115
2015Q3,IT,361222.0,278494.3,1127061.4,32.04989541829753
2015Q4,IT,362536.0,296340.7,1133188.8,31.992550579391537
2016Q1,IT,362396.0,275801.4,1137399.2,31.861812457754503
2016Q2,IT,364508.0,290180.8,1140817.2,31.951481797434333
2016Q3,IT,365996.0,282923.3,1145246.2,31.957844522863294
2016Q4,IT,369754.0,298934.5,1147840.0,32.21302620574296
2017Q1,IT,371348.0,280034.2,1152072.7999999998,32.233032495863114
2017Q2,IT,372680.0,295701.5,1157593.5,32.19437565950396
2017Q3,IT,373768.0,289268.3,1163938.5,32.112349578607464
2017Q4,IT,375704.0,307398.8,1172402.7999999998,32.045641651487024
2018Q1,IT,376949.0,283558.9,1175927.5,32.055462602924074
2018Q2,IT,376990.0,301535.2,1181761.2,31.900691950285726
2018Q3,IT,378438.0,293115.1,1185608.0,31.919319032935
2018Q4,IT,379286.0,311787.4,1189996.6,31.87286417456991
2019Q1,IT,380561.0,285954.3,1192392.0,31.91576260156056
2019Q2,IT,382749.0,305696.4,1196553.2000000002,31.987629133414202
2019Q3,IT,384266.0,296361.8,1199799.9,32.02750725350119
2019Q4,IT,383883.0,310301.5,1198314.0,32.03525953965321
2020Q1,IT,384787.0,280188.6,1192548.3,32.2659467964526
2020Q2,IT,386513.0,288438.5,1175290.4,32.886595517158995
2020Q3,IT,388550.0,294156.4,1173085.0,33.12206702839095
2020Q4,IT,391930.0,308150.7,1170934.2,33.47156484113283
2021Q1,IT,395914.0,286043.0,1176788.6,33.643595799619405
2021Q2,IT,401625.0,309357.3,1197707.4000000001,33.53281444199142
2021Q3,IT,405792.0,308367.9,1211918.9,33.48342863536496
2021Q4,IT,410378.0,325187.4,1228955.6,33.39241873343512
2022Q1,IT,414994.0,307082.3,1249994.9,33.19965545459426
2022Q2,IT,420413.0,327965.8,1268603.4,33.13982920115144
2022Q3,IT,424745.0,327759.1,1287994.6,32.9772345318839
2022Q4,IT,427544.0,347315.8,1310123.0,32.63388246752404
2023Q1,IT,426503.0,332869.8,1335910.5,31.92601600182048
2023Q2,IT,425859.0,347784.1,1355728.7999999998,31.411813336118556
2023Q3,IT,425311.0,341505.3,1369475.0,31.056499753555194
2023Q4,IT,425263.0,360864.4,1383023.6,30.748788379316156
2024Q1,IT,424028.0,344765.4,1394919.2,30.398033090375414
2024Q2,IT,422271.0,359908.0,1407043.1,30.01123419744569
2024Q3,IT,423560.0,352120.7,1417658.5,29.87743522152902
2024Q4,IT,426856.0,365656.1,1422450.2000000002,30.008502230868956
2025Q1,IT,429272.0,351669.3,1429354.1,30.032586047082383
2025Q2,IT,433416.0,368972.8,1438418.9,30.131417210939045
2025Q3,IT,436416.0,361064.8,1447363.0,30.15249111660309
2003Q1,NL,289711.0,61913.0,267790.0,108.18589193024384
2003Q2,NL,293522.0,77185.0,268277.0,109.41005006019897
2003Q3,NL,295621.0,66578.0,270241.0,109.39161711213326
2003Q4,NL,302392.0,64709.0,270385.0,111.83756495367716
2004Q1,NL,308837.0,62837.0,271309.0,113.83219871069518
2004Q2,NL,314908.0,80627.0,274751.0,114.615779378419
2004Q3,NL,325065.0,65695.0,273868.0,118.69404238538274
2004Q4,NL,331742.0,65658.0,274817.0,120.71378408177078
2005Q1,NL,337829.0,62920.0,274900.0,122.89159694434339
2005Q2,NL,347966.0,80673.0,274946.0,126.55794228684904
2005Q3,NL,356937.0,68351.0,277602.0,128.57868459160957
2005Q4,NL,361198.0,66095.0,278039.0,129.9091134696931
2006Q1,NL,363975.0,65337.0,280456.0,129.7797158912628
2006Q2,NL,371098.0,84063.0,283846.0,130.7392036526849
2006Q3,NL,371183.0,69109.0,284604.0,130.420865483268
2006Q4,NL,369642.0,71776.0,290285.0,127.3376164803555
2007Q1,NL,375519.0,68381.0,293329.0,128.0197321096789
2007Q2,NL,377249.0,86689.0,295955.0,127.46836512307613
2007Q3,NL,378369.0,71980.0,298826.0,126.61850039822507
2007Q4,NL,379015.0,74421.0,301471.0,125.72187706280206
2008Q1,NL,382864.0,70468.0,303558.0,126.12548508028121
2008Q2,NL,379029.0,90742.0,307611.0,123.21698508830958
2008Q3,NL,391326.0,74395.0,310026.0,126.22360705231175
2008Q4,NL,375656.0,76101.0,311706.0,120.51612737643806
2009Q1,NL,368824.0,69155.0,310393.0,118.82484463244982
2009Q2,NL,367244.0,92263.0,311914.0,117.73886391761832
2009Q3,NL,371204.0,72688.0,310207.0,119.66332158848769
2009Q4,NL,378418.0,77213.0,311319.0,121.55313360251061
2010Q1,NL,384276.0,72918.0,315082.0,121.96063247027757
2010Q2,NL,341645.0,89366.0,312185.0,109.43671220590355
2010Q3,NL,342407.0,75652.0,315149.0,108.64924210452833
2010Q4,NL,361424.0,76817.0,314753.0,114.82781736790434
2011Q1,NL,394358.0,74282.0,316117.0,124.75064612153095
2011Q2,NL,399191.0,93692.0,320443.0,124.57472935904357
2011Q3,NL,392876.0,74873.0,319664.0,122.90279793783472
2011Q4,NL,374832.0,78423.0,321270.0,116.67195816602857
2012Q1,NL,373017.0,75323.0,322311.0,115.73201038748289
2012Q2,NL,386080.0,91772.0,320391.0,120.50276068928278
2012Q3,NL,390907.0,75585.0,321103.0,121.738819008231
2012Q4,NL,388871.0,78853.0,321533.0,120.94279591830389
2013Q1,NL,398047.0,74183.0,320393.0,124.23710880075407
2013Q2,NL,392476.0,91741.0,320362.0,122.51016038106893
2013Q3,NL,385955.0,76480.0,321257.0,120.13901642610124
2013Q4,NL,388127.0,81045.0,323449.0,119.9963518205343
2014Q1,NL,388300.0,76729.0,325995.0,119.11225632294973
2014Q2,NL,390501.0,94946.0,329200.0,118.62120291616039
2014Q3,NL,390784.0,78110.0,330830.0,118.12229846144547
2014Q4,NL,395090.0,82697.0,332482.0,118.83049307932458
2015Q1,NL,399194.0,77365.0,333118.0,119.83561380651902
2015Q2,NL,401904.0,97662.0,335834.0,119.67341007759786
2015Q3,NL,402722.0,81714.0,339438.0,118.64375821210353
2015Q4,NL,416119.0,85044.0,341785.0,121.74876018549674
2016Q1,NL,427296.0,80373.0,344793.0,123.92827000548155
2016Q2,NL,417391.0,100662.0,347793.0,120.01132857763095
2016Q3,NL,421484.0,83462.0,349541.0,120.58213485685513
2016Q4,NL,467671.0,89371.0,353868.0,132.1597318774232
2017Q1,NL,468163.0,82938.0,356433.0,131.34670471028215
2017Q2,NL,470772.0,102808.0,358579.0,131.28822379447763
2017Q3,NL,482948.0,86364.0,361481.0,133.60259598706432
2017Q4,NL,483039.0,91248.0,363358.0,132.9374886475597
2018Q1,NL,475470.0,86782.0,367202.0,129.48458886389506
2018Q2,NL,471412.0,108255.0,372649.0,126.502955864634
2018Q3,NL,473906.0,91046.0,377331.0,125.59423954035051
2018Q4,NL,480341.0,96810.0,382893.0,125.4504522151097
2019Q1,NL,482744.0,91526.0,387637.0,124.53506760190591
2019Q2,NL,483757.0,114450.0,393832.0,122.83334010441
2019Q3,NL,486530.0,94675.0,397461.0,122.4094942648461
2019Q4,NL,491127.0,102083.0,402734.0,121.9482338218278
2020Q1,NL,492372.0,97484.0,408692.0,120.47507658579077
2020Q2,NL,493837.0,116080.0,410322.0,120.35352722983413
2020Q3,NL,494895.0,99446.0,415093.0,119.22508931733371
2020Q4,NL,497130.0,107624.0,420634.0,118.18588131249494
2021Q1,NL,503304.0,101764.0,424914.0,118.44843897824032
2021Q2,NL,506866.0,126251.0,435085.0,116.49815553282691
2021Q3,NL,513276.0,106159.0,441798.0,116.17888718373554
2021Q4,NL,516756.0,112002.0,446176.0,115.81886968371226
2022Q1,NL,532853.0,108023.0,452435.0,117.77448694287578
2022Q2,NL,546908.0,134149.0,460333.0,118.80703751414737
2022Q3,NL,550628.0,117188.0,471362.0,116.81637467593909
2022Q4,NL,552313.0,124511.0,483871.0,114.14467905702139
2023Q1,NL,555872.0,121557.0,497405.0,111.75440536383832
2023Q2,NL,558392.0,146286.0,509542.0,109.58704091124972
2023Q3,NL,561017.0,126187.0,518541.0,108.19144484235576
2023Q4,NL,568136.0,131774.0,525804.0,108.05090870362339
2024Q1,NL,572866.0,129833.0,534080.0,107.26220790892751
2024Q2,NL,578604.0,152886.0,540680.0,107.01413035436858
2024Q3,NL,585429.0,129912.0,544405.0,107.53556635225614
2024Q4,NL,591704.0,141221.0,553852.0,106.83431674887875
2025Q1,NL,600233.0,138405.0,562424.0,106.7225082855639
2025Q2,NL,609122.0,163087.0,572625.0,106.37363021174416
2025Q3,NL,619298.0,136014.0,578727.0,107.01038658987744
2003Q1,PT,66304.0,23501.1,102903.31999999999,64.43329525228147
2003Q2,PT,68076.0,27345.58,102936.73,66.13382803203483
2003Q3,PT,69081.0,26601.86,103907.75,66.48301017007874
2003Q4,PT,66485.0,27494.68,104943.22,63.35330667383753
2004Q1,PT,68375.0,24388.66,105830.78,64.60785794076166
2004Q2,PT,70774.0,28194.9,106680.1,66.34227002036931
2004Q3,PT,73156.0,27247.91,107326.15000000001,68.1623257705601
2004Q4,PT,71139.0,28813.71,108645.18,65.47828444851397
2005Q1,PT,73502.0,25589.65,109846.17,66.91357559394197
2005Q2,PT,76739.0,29110.18,110761.45,69.28313054767702
2005Q3,PT,78585.0,28237.95,111751.48999999999,70.32121003487292
2005Q4,PT,79488.0,30259.01,113196.79000000001,70.22107252334628
2006Q1,PT,86092.0,26201.23,113808.37,75.64645728605022
2006Q2,PT,89098.0,31698.83,116397.02,76.54663323854855
2006Q3,PT,90410.0,28452.01,116611.08,77.53122602071775
2006Q4,PT,91916.0,30541.8,116893.87,78.63201038685776
2007Q1,PT,94412.0,28293.15,118985.79000000001,79.34729012598899
2007Q2,PT,97253.0,32109.98,119396.94,81.45351128764271
2007Q3,PT,99405.0,30181.84,121126.77,82.06691221106614
2007Q4,PT,101106.0,31909.68,122494.65,82.53911497359273
2008Q1,PT,103319.0,28988.51,123190.01000000001,83.86962546719494
2008Q2,PT,105560.0,32127.08,123207.11,85.67687368042314
2008Q3,PT,105183.0,32328.13,125353.4,83.90917198895283
2008Q4,PT,105222.0,33861.25,127304.97,82.65348949063025
2009Q1,PT,105999.0,28626.17,126942.63,83.50149985075936
2009Q2,PT,107307.0,32963.67,127779.22,83.97844344330791
2009Q3,PT,108492.0,30620.78,126071.87,86.05567602035252
2009Q4,PT,110693.0,35768.15,127978.76999999999,86.49325196671292
2010Q1,PT,111843.0,29460.78,128813.38,86.82560771249074
2010Q2,PT,113203.0,33510.84,129360.54999999999,87.50967740938023
2010Q3,PT,114026.0,31522.31,130262.07999999999,87.53583544804444
2010Q4,PT,114521.0,35367.68,129861.61,88.18695532883044
2011Q1,PT,115430.0,29234.67,129635.5,89.04196767089262
2011Q2,PT,115203.0,32682.08,128806.74,89.43864272940996
2011Q3,PT,114667.0,30189.39,127473.82,89.95337238658102
2011Q4,PT,113923.0,35042.76,127148.9,89.59810112395782
2012Q1,PT,113709.0,29018.0,126932.23000000001,89.58244883903795
2012Q2,PT,112661.0,31555.46,125805.61,89.55165035963023
2012Q3,PT,111610.0,29859.34,125475.56,88.94959305222467
2012Q4,PT,110525.0,33302.91,123735.70999999999,89.32344591549199
2013Q1,PT,109620.0,28489.34,123207.04999999999,88.97218138085444
2013Q2,PT,108580.0,31438.47,123090.06,88.2118344893162
2013Q3,PT,107551.0,29296.48,122527.20000000001,87.77724456283991
2013Q4,PT,106592.0,33210.97,122435.26000000001,87.05988781336356
2014Q1,PT,105570.0,28231.99,122177.91,86.40678171692412
2014Q2,PT,104640.0,31636.24,122375.68000000001,85.50718574148065
2014Q3,PT,103677.0,29781.61,122860.81000000001,84.38573699782704
2014Q4,PT,102470.47,32690.75,122340.59,83.75835853006758
2015Q1,PT,101544.99,29453.95,123562.55,82.18104110023627
2015Q2,PT,100787.36,33158.63,125084.94,80.57513558386805
2015Q3,PT,100379.38,30430.0,125733.33,79.83513997442047
2015Q4,PT,98517.07,33804.75,126847.33,77.66586021164183
2016Q1,PT,97821.24,29887.76,127281.14,76.8544656341073
2016Q2,PT,97229.69,33718.46,127840.97,76.05518794170601
2016Q3,PT,96594.04,32080.37,129491.34,74.5949806373152
2016Q4,PT,95377.27,35335.92,131022.51,72.79456789524183
2017Q1,PT,94944.15,30138.41,131273.16,72.32563762462944
2017Q2,PT,94563.99,35130.43,132685.13,71.2694708140995
2017Q3,PT,94353.6,31777.8,132382.56,71.27343662186318
2017Q4,PT,94093.4,37463.22,134509.86,69.95279007799131
2018Q1,PT,93826.12,31663.91,136035.36,68.9718614336743
2018Q2,PT,93742.44,36383.32,137288.25,68.28147346914248
2018Q3,PT,93793.83,33114.15,138624.6,67.66030704506993
2018Q4,PT,91398.17,39582.5,140743.88,64.93935651056373
2019Q1,PT,91214.42,32594.82,141674.78999999998,64.38295761723029
2019Q2,PT,91341.23,38280.38,143571.85,63.62057046698221
2019Q3,PT,91378.85,34615.67,145073.37,62.988024611270845
2019Q4,PT,91693.65,41558.16,147049.03,62.35583464916429
2020Q1,PT,91954.86,33651.25,148105.46,62.087420679831794
2020Q2,PT,92383.98,36723.34,146548.41999999998,63.03990176079688
2020Q3,PT,92984.7,34682.36,146615.11000000002,63.42095299727292
2020Q4,PT,93831.86,40738.18,145795.13,64.35870663169612
2021Q1,PT,94748.81,34149.49,146293.37,64.76630485715108
2021Q2,PT,95740.48,39965.8,149535.83000000002,64.02511023612199
2021Q3,PT,96989.66,36598.18,151451.65,64.04001541085886
2021Q4,PT,97969.93,43289.71,154003.18,63.615524043074956
2022Q1,PT,99063.57,37079.23,156932.92,63.12478605508647
2022Q2,PT,99572.59,43216.62,160183.74,62.161484055747486
2022Q3,PT,100409.58,39051.2,162636.76,61.73855160420067
2022Q4,PT,100787.03,48347.76,167694.81,60.10146050435312
2023Q1,PT,100232.37,40295.92,170911.5,58.645772812244935
2023Q2,PT,99987.23,48242.0,175936.88,56.83130790997316
2023Q3,PT,99738.24,43089.36,179975.03999999998,55.417817937420665
2023Q4,PT,99442.16,51373.75,183001.02999999997,54.33967229583354
2024Q1,PT,99541.95,45072.75,187777.86,53.01048270546911
2024Q2,PT,100250.1,51947.78,191483.64,52.354394349303156
2024Q3,PT,101410.09,47744.66,196138.94,51.70319060559825
2024Q4,PT,102939.23,56823.54,201588.73,51.063980610424
2025Q1,PT,104960.34,47654.72,204170.69999999998,51.40813054958425
2025Q2,PT,107283.86,54638.0,206860.91999999998,51.86279747764827
2025Q3,PT,110115.55,51141.05,210257.31000000003,52.37180576504093
