"DATE","TIME PERIOD","HICP Inflation rate - Actual rental payments made for housing - Index (HICP.M.AT.N.041000.4D0.INX)","HICP Inflation rate - Actual rental payments made for housing - Index (HICP.M.BE.N.041000.4D0.INX)","HICP Inflation rate - Actual rental payments made for housing - Index (HICP.M.BG.N.041000.4D0.INX)","HICP Inflation rate - Actual rental payments made for housing - Index (HICP.M.CY.N.041000.4D0.INX)","HICP Inflation rate - Actual rental payments made for housing - Index (HICP.M.DE.N.041000.4D0.INX)","HICP Inflation rate - Actual rental payments made for housing - Index (HICP.M.EE.N.041000.4D0.INX)","HICP Inflation rate - Actual rental payments made for housing - Index (HICP.M.ES.N.041000.4D0.INX)","HICP Inflation rate - Actual rental payments made for housing - Index (HICP.M.FI.N.041000.4D0.INX)","HICP Inflation rate - Actual rental payments made for housing - Index (HICP.M.FR.N.041000.4D0.INX)","HICP Inflation rate - Actual rental payments made for housing - Index (HICP.M.GR.N.041000.4D0.INX)","HICP Inflation rate - Actual rental payments made for housing - Index (HICP.M.HR.N.041000.4D0.INX)","HICP Inflation rate - Actual rental payments made for housing - Index (HICP.M.IE.N.041000.4D0.INX)","HICP Inflation rate - Actual rental payments made for housing - Index (HICP.M.IT.N.041000.4D0.INX)","HICP Inflation rate - Actual rental payments made for housing - Index (HICP.M.LT.N.041000.4D0.INX)","HICP Inflation rate - Actual rental payments made for housing - Index (HICP.M.LU.N.041000.4D0.INX)","HICP Inflation rate - Actual rental payments made for housing - Index (HICP.M.LV.N.041000.4D0.INX)","HICP Inflation rate - Actual rental payments made for housing - Index (HICP.M.MT.N.041000.4D0.INX)","HICP Inflation rate - Actual rental payments made for housing - Index (HICP.M.NL.N.041000.4D0.INX)","HICP Inflation rate - Actual rental payments made for housing - Index (HICP.M.PT.N.041000.4D0.INX)","HICP Inflation rate - Actual rental payments made for housing - Index (HICP.M.SI.N.041000.4D0.INX)","HICP Inflation rate - Actual rental payments made for housing - Index (HICP.M.SK.N.041000.4D0.INX)","HICP Inflation rate - Actual rental payments made for housing - Index (HICP.M.U2.N.041000.4D0.INX)"
"1995-12-31","1995Dec"
"1996-01-31","1996Jan","36.84","55.63","","57.63","67.14","","48.14","47.73","63.48","55.29","","","54.2","8.63","56.78","20.37","47.57","44.58","46.20","","","60.15"
"1996-02-29","1996Feb","36.90","55.64","","58.90","67.36","","48.64","48.08","63.64","55.93","","","54.2","8.68","56.86","20.36","47.57","44.60","46.23","","","60.31"
"1996-03-31","1996Mar","36.98","55.53","","58.70","67.48","","49.14","48.07","63.81","56.38","","","54.2","8.82","57.10","20.36","47.57","44.61","46.27","","","60.42"
"1996-04-30","1996Apr","37.09","55.59","","58.70","67.49","","49.54","48.06","63.90","56.87","","","55.2","8.92","57.25","20.35","47.57","44.59","46.28","","","60.54"
"1996-05-31","1996May","37.21","55.68","","59.08","67.67","","49.89","48.64","63.97","57.13","","","55.2","8.94","57.50","20.35","47.57","44.58","46.31","","","60.66"
"1996-06-30","1996Jun","37.34","55.65","","59.25","67.83","","50.14","48.66","64.03","57.45","","","55.2","8.94","57.57","20.61","47.57","44.59","46.42","","","60.77"
"1996-07-31","1996Jul","37.64","55.64","","59.33","67.78","","50.29","48.66","64.05","57.84","","","56.0","9.01","57.67","20.60","47.57","46.41","46.52","","","61.05"
"1996-08-31","1996Aug","37.98","55.64","","60.11","67.91","","50.44","48.63","64.21","57.88","","","56.0","9.05","57.85","20.59","47.57","46.39","46.55","","","61.16"
"1996-09-30","1996Sep","38.32","55.70","","59.86","68.16","","50.64","48.91","64.37","58.34","","","56.0","9.06","57.88","20.58","47.57","46.41","46.57","","","61.33"
"1996-10-31","1996Oct","38.31","55.70","","60.17","68.24","","50.89","48.91","64.34","58.97","","","57.3","9.10","58.00","20.57","47.57","46.42","46.60","","","61.48"
"1996-11-30","1996Nov","38.37","55.75","","60.38","68.36","","51.24","48.96","64.40","59.52","","","57.3","9.10","58.22","20.57","48.03","46.39","46.61","","","61.56"
"1996-12-31","1996Dec","38.37","55.75","2.03","60.62","68.52","","51.44","49.00","64.47","59.84","","","57.3","9.10","58.47","20.58","48.03","46.41","46.59","","20.17","61.66"
"1997-01-31","1997Jan","38.45","56.03","3.03","61.11","68.91","","51.74","48.99","64.51","60.18","","31.05","58.2","9.29","58.69","20.86","48.03","46.42","47.75","","20.30","61.95"
"1997-02-28","1997Feb","38.55","56.15","5.45","61.54","69.15","","52.09","49.32","64.64","60.95","","31.24","58.2","9.37","58.70","20.86","48.03","46.39","47.81","","20.49","62.11"
"1997-03-31","1997Mar","38.65","56.23","6.82","61.69","69.28","","52.49","49.30","64.77","61.12","","31.24","58.2","9.38","58.84","20.86","48.03","46.42","47.92","","20.82","62.21"
"1997-04-30","1997Apr","38.80","56.29","7.45","61.85","69.33","","52.84","49.33","64.75","61.37","","31.23","59.0","9.44","59.18","20.86","48.03","46.41","47.98","","21.05","62.32"
"1997-05-31","1997May","38.96","56.29","8.49","62.02","69.44","","53.09","49.80","64.75","61.76","","31.27","59.0","9.48","59.42","20.86","48.03","46.39","48.09","","21.20","62.40"
"1997-06-30","1997Jun","39.14","56.39","9.32","62.15","69.55","","53.29","49.82","64.78","62.03","","31.30","59.0","9.46","59.54","20.86","48.03","46.41","48.14","","21.20","62.47"
"1997-07-31","1997Jul","39.27","56.50","10.82","62.34","69.61","","53.49","49.82","64.94","62.26","","31.31","59.7","9.85","59.55","24.58","48.03","48.19","48.19","","21.22","62.82"
"1997-08-31","1997Aug","39.36","56.55","11.28","62.48","69.71","","53.69","49.81","65.06","62.47","","31.49","59.6","10.11","59.68","35.15","48.03","48.21","48.24","","21.16","62.90"
"1997-09-30","1997Sep","39.50","56.57","11.60","62.56","69.58","","53.90","50.09","65.19","62.78","","31.66","59.7","10.12","59.74","37.72","48.03","48.20","48.28","","21.33","62.88"
"1997-10-31","1997Oct","39.63","56.65","12.45","62.67","69.68","","54.10","50.10","65.36","63.07","","31.64","60.7","10.12","59.86","37.72","48.03","48.20","48.35","","21.49","63.06"
"1997-11-30","1997Nov","39.80","56.66","13.27","62.82","69.74","","54.35","50.14","65.45","63.40","","31.85","60.7","10.14","59.95","37.72","49.38","48.18","48.40","","21.69","63.12"
"1997-12-31","1997Dec","39.96","56.70","13.52","62.91","69.79","22.72","54.60","50.13","65.54","63.74","31.52","31.99","60.7","10.44","60.16","37.72","49.38","48.17","48.41","","21.68","63.18"
"1998-01-31","1998Jan","39.95","56.89","13.92","63.13","69.86","23.45","54.80","50.16","65.56","64.23","31.74","31.98","61.2","11.36","60.34","37.72","49.38","48.19","49.39","","21.77","63.28"
"1998-02-28","1998Feb","39.93","57.11","14.10","63.37","70.01","23.77","55.10","50.65","65.69","64.63","32.11","32.22","61.2","11.41","60.45","37.72","49.38","48.17","49.35","","21.87","63.40"
"1998-03-31","1998Mar","39.90","57.17","22.79","63.66","69.99","23.92","55.40","50.62","65.82","65.11","32.63","32.45","61.2","18.66","60.63","37.72","49.38","48.17","49.43","","21.98","63.43"
"1998-04-30","1998Apr","40.07","57.26","23.85","63.87","70.14","23.93","55.65","50.61","66.00","65.51","32.63","32.46","62.5","18.69","60.73","37.72","49.38","48.19","49.43","","22.04","63.65"
"1998-05-31","1998May","40.21","57.26","23.93","64.04","70.16","24.11","55.85","51.56","66.08","65.79","32.87","32.95","62.4","18.69","60.95","37.72","49.38","48.17","49.42","","22.04","63.70"
"1998-06-30","1998Jun","40.36","57.32","24.17","64.19","70.18","24.10","56.05","51.57","66.17","65.96","32.87","33.07","62.4","18.74","61.15","37.72","49.38","48.20","49.49","","22.10","63.75"
"1998-07-31","1998Jul","40.45","57.35","24.43","64.41","70.20","24.49","56.20","51.55","66.31","66.24","32.64","33.05","62.9","18.84","61.24","37.72","49.38","49.79","49.48","","22.11","64.03"
"1998-08-31","1998Aug","40.58","57.35","27.64","64.51","70.30","24.50","56.30","51.56","66.47","66.43","32.64","33.39","62.9","18.95","61.25","37.72","49.38","49.80","49.48","","22.11","64.11"
"1998-09-30","1998Sep","40.67","57.39","27.92","64.60","70.30","24.57","56.45","51.91","66.63","66.64","32.71","33.71","62.8","19.23","61.40","37.72","49.38","49.77","49.47","","22.11","64.16"
"1998-10-31","1998Oct","40.81","57.44","28.31","64.64","70.38","24.69","56.55","51.91","66.78","66.94","32.71","33.70","63.6","19.23","61.42","37.72","49.38","49.76","49.47","","22.11","64.30"
"1998-11-30","1998Nov","40.90","57.51","28.76","64.72","70.39","24.81","56.80","51.95","66.85","67.20","32.71","34.04","63.5","19.28","61.47","38.29","49.63","49.77","49.49","","22.13","64.33"
"1998-12-31","1998Dec","41.02","57.51","28.84","64.78","70.45","24.90","56.90","51.92","66.92","67.57","32.71","34.12","63.6","19.40","61.55","38.29","49.63","49.76","49.54","","22.19","64.38"
"1999-01-31","1999Jan","40.99","57.77","29.12","64.99","70.39","25.88","57.05","52.40","66.97","67.82","32.73","34.07","63.9","19.40","61.62","38.29","49.63","49.79","50.06","","22.94","64.42"
"1999-02-28","1999Feb","40.93","57.92","29.49","65.17","70.44","25.99","57.25","52.44","67.03","67.91","32.73","34.37","63.8","19.38","61.90","38.29","49.63","49.79","50.07","","23.33","64.46"
"1999-03-31","1999Mar","40.87","58.04","29.88","65.42","70.57","26.36","57.45","52.41","67.13","68.17","32.73","34.59","63.9","19.38","62.02","38.29","49.63","49.77","50.09","","23.43","64.55"
"1999-04-30","1999Apr","40.94","58.06","30.03","65.57","70.60","26.36","57.65","52.41","67.35","68.41","32.73","34.60","64.5","19.38","62.25","38.29","49.63","49.79","50.09","","23.61","64.68"
"1999-05-31","1999May","41.03","58.06","30.52","65.63","70.66","26.36","57.85","52.99","67.42","68.66","32.77","34.90","64.5","19.63","62.41","38.29","49.63","49.77","50.17","","23.73","64.74"
"1999-06-30","1999Jun","41.09","58.12","30.80","65.85","70.70","26.40","58.00","53.00","67.49","68.89","32.77","34.96","64.5","19.65","62.49","38.29","49.63","49.79","50.18","","23.74","64.78"
"1999-07-31","1999Jul","41.17","58.21","32.15","66.00","70.76","26.42","58.20","53.00","67.44","69.19","32.77","34.96","64.8","19.66","62.55","38.29","49.63","51.29","50.19","","24.42","65.01"
"1999-08-31","1999Aug","41.29","58.17","32.04","66.07","70.86","26.47","58.30","52.98","67.58","69.35","32.69","35.34","64.8","19.61","62.72","38.29","49.63","51.28","50.25","","24.52","65.09"
"1999-09-30","1999Sep","41.35","58.27","32.32","66.13","70.85","26.46","58.40","53.25","67.71","69.59","32.69","35.52","64.8","19.61","62.77","38.86","49.63","51.28","50.22","","24.50","65.13"
"1999-10-31","1999Oct","41.50","58.29","32.13","66.18","70.92","26.24","58.55","53.24","67.70","69.74","32.68","35.48","65.1","19.68","63.12","38.86","49.63","51.29","50.23","","24.67","65.20"
"1999-11-30","1999Nov","41.63","58.29","32.51","66.19","71.02","26.24","58.70","53.27","67.76","70.05","32.41","35.85","65.1","19.73","63.20","38.86","50.32","51.29","50.25","","24.67","65.27"
"1999-12-31","1999Dec","41.78","58.37","32.99","66.20","71.05","26.41","58.90","53.23","67.83","70.30","32.41","36.38","65.1","19.70","63.27","38.86","50.32","51.27","50.26","","24.67","65.31"
"2000-01-31","2000Jan","41.76","58.57","33.65","66.30","71.14","26.51","59.05","53.27","67.00","70.42","32.63","36.40","65.5","19.66","63.52","38.86","50.32","51.27","51.21","","25.27","65.26"
"2000-02-29","2000Feb","41.72","58.74","34.39","66.40","71.25","26.61","59.30","53.80","67.10","70.63","32.89","37.10","65.5","19.34","63.60","38.86","50.32","51.26","51.27","","29.01","65.35"
"2000-03-31","2000Mar","41.70","58.85","34.59","66.50","71.28","26.66","59.60","53.77","67.20","70.82","32.88","37.52","65.6","19.34","63.74","38.86","50.32","51.28","51.34","","30.10","65.40"
"2000-04-30","2000Apr","41.78","58.94","35.11","66.60","71.39","26.68","59.80","53.79","67.22","71.10","33.24","37.53","65.9","19.22","64.19","38.86","50.32","51.30","51.38","","30.45","65.50"
"2000-05-31","2000May","41.85","58.98","35.99","66.63","71.49","26.67","60.00","54.43","67.28","71.25","33.44","38.54","65.9","19.13","64.27","38.86","50.32","51.26","51.37","","30.64","65.58"
"2000-06-30","2000Jun","41.97","59.02","36.08","66.82","71.46","26.76","60.25","54.42","67.35","71.62","33.27","38.73","65.9","19.13","64.41","39.15","50.32","51.28","51.43","","30.64","65.59"
"2000-07-31","2000Jul","41.96","59.15","36.16","66.89","71.53","27.14","60.40","54.41","67.39","71.82","33.44","38.75","66.3","19.07","64.67","39.44","50.32","52.54","51.43","","30.87","65.79"
"2000-08-31","2000Aug","41.92","59.17","36.20","66.99","71.54","27.20","60.50","54.40","67.49","72.06","33.77","39.66","66.2","19.07","64.78","39.44","50.32","52.57","51.45","","30.90","65.82"
"2000-09-30","2000Sep","41.95","59.23","36.24","67.20","71.66","27.28","60.60","54.73","67.59","72.27","33.75","39.83","66.2","18.92","64.90","39.44","50.32","52.56","51.44","","30.89","65.92"
"2000-10-31","2000Oct","42.21","59.27","36.24","67.26","71.76","27.40","60.75","54.75","67.57","72.61","33.77","39.81","66.7","18.88","65.08","39.44","50.32","52.58","51.42","","30.94","66.01"
"2000-11-30","2000Nov","42.41","59.30","36.25","67.27","71.83","27.56","61.05","54.85","67.62","72.83","33.77","41.37","66.7","18.40","65.14","39.44","51.47","52.54","51.42","","31.36","66.07"
"2000-12-31","2000Dec","42.64","59.38","36.70","67.30","71.72","27.58","61.20","54.86","67.68","73.08","33.77","41.86","66.7","18.43","65.29","40.29","51.47","52.57","51.47","35.82","31.36","66.04"
"2001-01-31","2001Jan","42.69","59.60","38.13","67.55","71.79","28.82","61.35","54.88","67.20","73.24","33.56","41.86","67.0","18.34","65.41","40.29","51.47","52.58","52.44","37.19","31.50","66.04"
"2001-02-28","2001Feb","42.73","59.80","38.85","67.71","71.86","29.25","61.70","55.72","67.27","73.44","33.84","42.57","66.9","18.14","65.74","40.29","51.47","52.58","52.55","37.34","34.02","66.12"
"2001-03-31","2001Mar","42.78","59.92","38.83","67.81","71.92","29.31","62.00","55.72","67.33","73.62","33.88","43.13","67.0","18.19","65.91","40.29","51.47","52.58","52.65","37.51","36.87","66.19"
"2001-04-30","2001Apr","42.88","60.03","39.16","67.92","71.99","29.49","62.30","55.73","67.38","73.89","34.35","43.15","67.2","18.19","66.03","40.29","51.47","52.58","52.69","37.66","37.30","66.28"
"2001-05-31","2001May","42.99","60.07","39.72","68.03","71.99","29.59","62.50","56.70","67.45","74.08","33.85","44.50","67.2","18.21","66.41","40.29","51.47","52.58","52.76","37.77","37.31","66.33"
"2001-06-30","2001Jun","43.09","60.14","39.87","68.10","72.11","29.63","62.65","56.71","67.51","74.28","33.84","45.03","67.3","18.11","66.48","40.29","51.47","52.58","52.76","37.89","37.47","66.42"
"2001-07-31","2001Jul","43.23","60.21","39.88","68.21","72.18","29.80","62.80","56.71","67.57","74.53","33.84","45.05","67.6","18.14","66.50","40.29","51.47","54.02","52.77","38.01","37.63","66.64"
"2001-08-31","2001Aug","43.41","60.29","39.89","68.23","72.25","29.81","62.95","56.71","67.67","74.86","33.78","45.58","67.6","18.14","66.67","40.29","51.47","54.02","52.80","39.21","37.81","66.72"
"2001-09-30","2001Sep","43.59","60.37","40.02","68.27","72.31","29.85","63.10","57.03","67.77","75.20","33.75","45.66","67.6","17.82","66.81","40.29","51.47","54.02","52.81","39.32","37.81","66.79"
"2001-10-31","2001Oct","43.51","60.50","40.58","68.59","72.38","29.93","63.25","57.03","68.00","75.48","33.85","45.68","68.0","17.82","66.93","40.29","51.47","54.02","52.82","39.40","38.00","66.91"
"2001-11-30","2001Nov","43.37","60.56","40.77","68.82","72.44","29.92","63.50","57.11","68.10","75.83","33.79","45.94","68.0","17.39","66.95","40.29","51.80","54.02","52.83","38.80","38.00","66.97"
"2001-12-31","2001Dec","43.24","60.63","41.54","69.10","72.51","29.92","63.70","57.11","68.20","76.08","34.17","46.27","68.0","17.39","66.97","40.29","51.80","54.02","52.83","38.91","38.01","67.03"
"2002-01-31","2002Jan","43.07","60.95","43.20","69.51","72.65","30.12","64.00","57.11","68.34","76.42","33.94","46.86","68.3","18.15","67.39","40.42","51.80","54.02","54.08","39.93","38.10","67.18"
"2002-02-28","2002Feb","42.92","61.24","43.42","69.89","72.84","29.62","64.25","57.80","68.53","76.92","35.57","46.95","68.3","17.82","67.49","40.42","51.80","54.02","54.20","40.10","38.22","67.35"
"2002-03-31","2002Mar","42.75","61.37","43.51","70.19","72.97","29.70","64.60","57.80","68.71","77.35","35.57","47.03","68.3","17.76","67.85","40.42","51.80","54.02","54.26","41.40","38.26","67.47"
"2002-04-30","2002Apr","42.94","61.47","43.48","70.45","73.04","28.88","64.85","57.80","69.02","77.65","35.53","47.07","68.9","17.76","67.91","40.42","51.80","54.02","54.32","41.53","38.24","67.62"
"2002-05-31","2002May","43.15","61.63","43.46","70.64","73.04","28.71","65.05","58.39","69.15","77.84","35.54","46.63","68.9","17.78","67.99","40.42","51.80","54.02","54.52","41.64","38.35","67.68"
"2002-06-30","2002Jun","43.26","61.67","43.38","70.74","73.10","28.71","65.30","58.42","69.26","77.97","35.50","46.87","68.9","17.76","68.12","40.42","51.80","54.02","54.54","41.76","38.37","67.74"
"2002-07-31","2002Jul","43.78","61.78","43.29","70.82","73.17","29.11","65.45","58.39","69.33","78.10","35.50","46.84","69.1","17.92","68.15","40.42","51.80","55.57","54.55","41.87","38.44","67.98"
"2002-08-31","2002Aug","44.25","61.91","43.32","70.96","73.24","29.66","65.60","58.40","69.54","78.45","35.46","46.62","69.2","17.91","68.23","40.58","51.80","55.57","54.55","42.00","38.55","68.08"
"2002-09-30","2002Sep","44.70","61.96","43.35","71.17","73.30","30.08","65.80","58.61","69.74","78.84","35.46","46.67","69.1","17.91","68.42","40.58","51.80","55.57","54.56","42.12","38.57","68.17"
"2002-10-31","2002Oct","44.96","62.03","43.52","71.24","73.31","31.19","66.01","58.61","69.99","79.32","35.48","46.67","69.7","17.94","68.70","40.58","51.80","55.57","54.57","42.22","38.57","68.29"
"2002-11-30","2002Nov","45.22","62.15","43.45","71.33","73.43","30.62","66.26","58.64","70.11","79.70","35.49","46.37","69.7","17.89","68.89","40.58","52.16","55.57","54.57","42.26","38.57","68.39"
"2002-12-31","2002Dec","45.46","62.21","43.43","71.45","73.44","30.56","66.46","58.64","70.22","80.21","35.50","46.77","69.8","17.79","69.02","40.58","52.16","55.57","54.58","42.45","38.57","68.45"
"2003-01-31","2003Jan","45.54","62.44","43.27","71.64","73.50","30.33","66.76","58.64","70.37","80.65","35.51","46.76","70.3","17.80","69.04","40.58","52.16","55.57","55.46","44.14","39.62","68.58"
"2003-02-28","2003Feb","45.64","62.62","43.30","71.79","73.57","30.33","67.06","59.20","70.55","80.90","35.80","46.52","70.3","17.82","69.10","40.58","52.16","55.57","55.59","44.27","40.21","68.68"
"2003-03-31","2003Mar","45.71","62.76","43.29","71.98","73.65","30.34","67.36","59.21","70.72","81.20","35.80","46.92","70.2","17.87","69.12","40.58","52.16","55.57","55.66","44.37","50.00","68.77"
"2003-04-30","2003Apr","45.70","62.86","43.35","72.14","73.78","30.01","67.66","59.21","70.98","81.57","35.80","46.90","70.9","17.85","69.16","40.58","52.16","55.57","55.71","45.64","51.25","68.96"
"2003-05-31","2003May","45.78","62.96","43.20","72.29","73.82","29.22","67.86","59.69","71.09","81.82","36.05","46.46","70.9","17.90","69.26","40.58","52.16","55.57","55.76","48.28","51.28","69.03"
"2003-06-30","2003Jun","45.78","63.07","43.09","72.51","73.85","29.69","68.06","59.71","71.20","82.16","36.04","46.68","70.9","18.04","69.29","40.58","52.16","55.57","55.77","48.49","51.32","69.08"
"2003-07-31","2003Jul","45.82","63.10","43.18","72.62","73.86","30.46","68.26","59.71","71.25","82.49","36.04","46.69","71.3","18.05","69.53","41.63","52.16","57.37","55.78","45.08","51.95","69.27"
"2003-08-31","2003Aug","45.88","63.20","43.38","72.79","73.91","30.81","68.36","59.71","71.43","82.74","36.02","46.22","71.3","18.34","69.56","41.63","52.16","57.37","55.81","44.50","51.95","69.33"
"2003-09-30","2003Sep","45.87","63.29","43.37","73.04","73.95","31.75","68.51","59.90","71.61","82.95","36.00","46.23","71.3","18.85","69.57","41.63","52.16","57.37","55.83","44.56","51.99","69.41"
"2003-10-31","2003Oct","45.89","63.34","43.17","73.31","73.96","31.81","68.81","59.90","71.81","83.34","36.00","46.26","71.8","18.82","69.65","41.63","52.16","57.37","55.84","46.87","52.22","69.51"
"2003-11-30","2003Nov","45.88","63.43","43.25","73.51","74.06","31.62","69.11","59.91","71.94","83.74","36.00","45.61","71.7","18.73","69.70","42.10","52.59","57.37","55.85","46.96","52.22","69.59"
"2003-12-31","2003Dec","45.90","63.40","43.17","73.64","74.10","30.90","69.31","59.91","72.08","84.14","36.00","45.73","71.7","18.76","69.72","42.10","52.59","57.37","55.85","47.10","52.22","69.65"
"2004-01-31","2004Jan","45.87","63.63","43.32","73.79","74.18","31.22","69.51","59.91","72.16","84.49","36.07","45.69","72.3","18.76","69.78","43.26","52.59","57.37","56.78","48.48","52.31","69.77"
"2004-02-29","2004Feb","45.85","63.92","43.48","73.94","74.24","31.39","69.81","60.17","72.36","84.93","36.81","45.51","72.2","18.71","69.79","43.68","52.59","57.37","57.01","48.56","60.21","69.87"
"2004-03-31","2004Mar","45.82","64.04","43.81","74.16","74.30","31.57","70.16","60.27","72.55","85.46","36.93","45.82","72.3","18.76","70.01","43.68","52.59","57.37","57.13","48.71","61.02","69.97"
"2004-04-30","2004Apr","45.93","64.09","43.99","74.45","74.37","31.78","70.46","59.67","72.79","85.84","37.09","45.80","73.0","18.90","70.22","43.68","52.59","57.39","57.13","50.16","62.33","70.12"
"2004-05-31","2004May","46.04","64.23","44.21","74.63","74.41","31.78","70.66","60.13","72.91","86.27","37.07","45.21","73.0","18.90","70.29","43.68","52.59","57.39","57.22","49.81","63.68","70.18"
"2004-06-30","2004Jun","46.10","64.22","44.21","74.89","74.45","31.60","70.86","60.27","73.03","86.74","37.09","45.25","72.9","19.08","70.51","43.68","52.59","57.37","57.24","49.67","63.73","70.24"
"2004-07-31","2004Jul","47.55","64.30","44.27","75.24","74.48","31.50","71.06","60.97","73.23","87.01","37.29","45.23","73.3","19.08","70.56","44.35","52.59","59.12","57.24","49.18","64.21","70.52"
"2004-08-31","2004Aug","47.76","64.32","44.49","75.67","74.58","32.70","71.16","61.17","73.47","87.29","37.27","45.09","73.4","19.07","70.64","44.55","52.59","59.12","57.24","49.63","64.27","70.64"
"2004-09-30","2004Sep","48.02","64.40","44.82","76.17","74.60","33.61","71.36","61.43","73.71","87.61","37.10","45.05","73.3","19.99","70.75","44.55","52.59","59.12","57.26","50.25","64.27","70.72"
"2004-10-31","2004Oct","48.93","64.50","45.31","76.44","74.65","33.70","71.56","61.53","74.06","87.95","37.05","45.09","73.7","20.17","70.95","44.55","52.59","59.12","57.37","51.66","64.27","70.89"
"2004-11-30","2004Nov","49.86","64.51","45.57","76.61","74.72","33.55","71.86","61.58","74.34","88.27","37.04","44.96","73.7","19.92","71.11","44.55","53.46","59.12","57.38","52.27","64.60","71.02"
"2004-12-31","2004Dec","50.79","64.56","45.82","76.64","74.74","33.60","72.11","61.58","74.51","88.51","37.01","44.99","73.8","19.92","71.41","44.55","53.46","59.12","57.44","51.54","64.60","71.10"
"2005-01-31","2005Jan","50.20","64.83","45.98","76.83","74.84","33.25","72.41","61.64","74.69","88.86","37.00","44.96","74.1","20.16","71.63","46.16","53.46","59.12","57.94","52.46","65.00","71.23"
"2005-02-28","2005Feb","49.62","65.03","46.44","76.97","74.93","33.32","72.76","61.88","74.91","89.15","37.02","45.28","74.2","20.18","71.69","46.17","53.46","59.12","58.23","52.76","65.49","71.34"
"2005-03-31","2005Mar","49.03","65.13","46.68","77.26","74.97","32.67","73.11","61.98","75.16","89.49","37.05","45.62","74.1","20.47","71.95","46.24","53.46","59.12","58.42","52.71","65.58","71.42"
"2005-04-30","2005Apr","48.71","65.29","47.05","77.43","75.06","32.65","73.46","62.19","75.44","89.76","37.13","45.57","74.6","20.52","72.07","50.64","53.46","59.12","58.46","52.68","65.79","71.57"
"2005-05-31","2005May","48.35","65.34","47.05","77.60","75.14","33.68","73.76","62.21","75.63","89.99","37.10","45.80","74.6","21.93","72.25","50.59","53.46","59.12","58.54","52.63","65.99","71.66"
"2005-06-30","2005Jun","47.96","65.43","47.18","77.71","75.18","33.71","73.96","62.35","75.79","90.33","37.13","46.17","74.6","22.18","72.49","50.52","53.46","59.12","58.68","51.94","65.99","71.72"
"2005-07-31","2005Jul","48.37","65.55","47.30","77.82","75.25","33.81","74.11","62.59","75.90","90.47","37.12","46.16","75.0","22.24","72.78","50.82","53.46","60.32","58.70","51.86","66.09","71.92"
"2005-08-31","2005Aug","48.68","65.64","47.33","77.93","75.28","35.48","74.26","62.58","76.21","90.73","37.13","46.49","75.0","22.43","72.95","50.73","53.46","60.32","58.72","52.84","66.10","72.03"
"2005-09-30","2005Sep","49.05","65.78","47.38","79.04","75.30","34.51","74.46","62.83","76.51","90.93","37.15","46.56","75.0","23.82","73.22","50.86","53.46","60.32","58.75","53.24","66.10","72.12"
"2005-10-31","2005Oct","49.17","65.89","47.55","79.06","75.35","34.79","74.66","62.71","76.58","91.32","37.11","46.58","75.4","23.93","73.36","50.98","53.46","60.32","58.78","53.01","66.64","72.21"
"2005-11-30","2005Nov","49.30","65.92","47.80","79.16","75.40","33.93","74.91","63.00","76.89","91.55","44.25","47.28","75.4","24.66","73.39","51.07","54.40","60.32","58.81","53.45","66.66","72.32"
"2005-12-31","2005Dec","49.40","66.04","47.89","79.36","75.47","34.94","75.11","62.88","77.08","91.95","46.69","47.23","75.3","24.72","73.45","51.18","54.40","60.32","58.87","53.60","66.50","72.41"
"2006-01-31","2006Jan","49.69","66.34","48.84","79.61","75.59","36.45","75.48","63.02","77.38","92.19","47.17","47.24","75.9","24.96","73.53","52.11","54.40","60.35","59.37","54.16","66.83","72.62"
"2006-02-28","2006Feb","49.41","66.41","48.92","79.91","75.70","36.72","75.84","63.17","77.67","92.60","47.35","47.41","76.0","25.03","73.58","52.90","54.40","60.35","59.73","54.19","66.96","72.75"
"2006-03-31","2006Mar","49.41","66.53","49.23","80.16","75.74","37.20","76.29","63.32","77.96","92.96","47.34","47.87","76.0","25.38","73.85","54.64","54.40","60.35","60.01","54.18","67.33","72.87"
"2006-04-30","2006Apr","49.69","66.60","49.41","80.41","75.82","37.14","76.65","63.60","78.17","93.25","47.64","47.85","76.4","25.40","73.93","54.33","54.40","60.35","60.07","54.01","67.33","73.02"
"2006-05-31","2006May","50.10","66.71","49.50","80.41","75.91","37.83","76.93","63.70","78.30","93.61","48.78","48.33","76.4","26.54","74.06","54.73","54.40","60.35","60.12","53.97","67.33","73.13"
"2006-06-30","2006Jun","50.51","66.85","49.54","80.47","75.97","40.38","77.21","63.64","78.43","94.08","48.80","48.32","76.4","27.00","74.23","55.80","54.40","60.35","60.15","53.74","67.33","73.21"
"2006-07-31","2006Jul","50.37","66.94","49.67","80.47","76.03","41.53","77.45","63.89","78.54","94.49","49.35","48.37","76.8","27.42","74.27","56.61","54.40","61.98","60.19","54.25","67.41","73.44"
"2006-08-31","2006Aug","50.23","67.00","50.06","80.59","76.10","43.48","77.57","63.82","78.78","94.91","49.36","49.28","76.8","27.40","74.39","55.86","54.40","61.98","60.19","55.02","67.55","73.53"
"2006-09-30","2006Sep","50.23","67.20","50.17","81.04","76.13","44.87","77.69","63.87","79.01","95.34","49.92","49.41","76.8","27.98","74.65","56.48","54.40","61.98","60.20","54.69","67.68","73.61"
"2006-10-31","2006Oct","50.37","67.17","50.23","81.11","76.17","46.12","77.93","64.22","79.18","95.77","50.02","49.49","77.4","28.91","74.72","56.18","54.40","61.98","60.26","54.70","67.67","73.73"
"2006-11-30","2006Nov","50.51","67.24","50.40","81.26","76.23","48.21","78.25","64.20","79.36","96.01","50.11","50.79","77.4","28.97","74.80","56.89","55.91","61.98","60.26","54.77","67.67","73.83"
"2006-12-31","2006Dec","50.64","67.33","50.44","81.64","76.26","48.26","78.50","64.25","79.53","96.52","50.25","50.73","77.4","28.67","74.85","57.50","55.91","61.98","60.30","54.19","67.67","73.90"
"2007-01-31","2007Jan","50.78","67.54","50.63","81.75","76.44","50.09","78.88","64.58","79.73","96.85","50.45","50.73","77.8","28.60","74.89","58.36","55.91","61.98","60.80","54.37","68.67","74.10"
"2007-02-28","2007Feb","50.78","67.68","50.69","81.83","76.47","50.80","79.25","64.65","80.01","97.30","53.65","52.04","77.8","29.49","75.00","60.14","55.91","61.98","61.03","55.32","69.45","74.22"
"2007-03-31","2007Mar","50.92","67.88","50.84","82.06","76.55","51.41","79.63","64.79","80.29","97.66","53.77","52.60","77.8","30.07","75.14","62.65","55.91","61.98","61.32","55.04","69.45","74.35"
"2007-04-30","2007Apr","51.05","67.94","51.05","82.19","76.64","51.09","79.98","64.99","80.65","97.83","53.80","52.60","78.1","30.21","75.25","62.99","55.91","61.98","61.56","55.05","69.45","74.52"
"2007-05-31","2007May","51.05","68.05","51.05","82.43","76.69","51.80","80.25","65.12","80.80","98.08","53.89","53.72","78.1","30.62","75.35","64.98","55.91","61.98","61.62","54.66","69.52","74.61"
"2007-06-30","2007Jun","51.05","68.13","51.12","82.56","76.73","51.71","80.53","65.17","80.96","98.44","54.02","53.65","78.1","33.02","75.39","66.15","55.91","61.98","61.71","55.53","70.14","74.68"
"2007-07-31","2007Jul","51.19","68.25","51.54","82.72","76.80","53.46","80.79","65.50","81.02","98.76","54.15","53.65","78.5","34.56","75.40","66.52","55.91","62.82","61.87","56.03","70.36","74.84"
"2007-08-31","2007Aug","51.19","68.31","52.33","82.85","76.90","54.47","80.97","65.47","81.26","99.02","54.44","55.11","78.5","34.86","75.47","68.25","55.91","62.82","61.91","56.98","70.80","74.97"
"2007-09-30","2007Sep","51.33","68.38","52.39","82.95","76.90","53.85","81.10","65.32","81.50","99.30","54.45","55.01","78.5","39.44","75.84","69.08","55.91","62.82","61.97","56.52","70.79","75.03"
"2007-10-31","2007Oct","51.19","68.54","52.39","83.03","77.00","54.89","81.41","66.17","81.65","99.64","54.79","55.01","78.9","41.02","75.93","68.93","55.91","62.82","62.08","56.50","70.77","75.17"
"2007-11-30","2007Nov","51.19","68.53","52.50","83.19","77.05","54.75","81.65","66.00","81.86","99.96","55.00","56.07","78.9","41.10","76.20","69.82","57.40","62.82","62.13","57.70","70.91","75.27"
"2007-12-31","2007Dec","51.19","68.57","52.82","83.31","77.07","53.37","81.81","65.84","82.07","100.35","55.00","56.94","78.9","42.88","76.44","69.89","57.40","62.82","62.17","57.89","70.91","75.34"
"2008-01-31","2008Jan","51.33","68.77","54.47","83.36","77.24","52.20","82.14","66.20","82.08","100.64","57.20","56.94","79.4","43.11","76.44","70.39","57.40","62.82","62.57","59.38","71.00","75.49"
"2008-02-29","2008Feb","51.33","68.99","54.58","83.61","77.32","52.02","82.52","66.40","82.25","101.00","60.11","57.51","79.4","43.30","76.47","80.39","57.64","62.82","62.79","59.51","71.24","75.61"
"2008-03-31","2008Mar","51.46","69.17","55.32","83.96","77.42","51.79","82.99","66.84","82.42","101.27","60.33","58.10","79.4","44.20","77.05","80.64","57.64","62.82","63.20","59.50","71.24","75.75"
"2008-04-30","2008Apr","51.46","69.31","56.55","84.17","77.49","51.04","83.38","67.46","82.48","101.53","60.47","58.10","79.9","45.56","77.34","81.01","57.64","62.82","63.37","59.68","71.24","75.88"
"2008-05-31","2008May","51.46","69.38","57.29","84.44","77.58","49.92","83.66","67.90","82.62","101.89","61.28","57.83","79.9","47.09","77.46","81.17","57.64","62.82","63.51","59.78","71.24","75.98"
"2008-06-30","2008Jun","51.33","69.45","57.40","84.77","77.67","50.76","83.96","68.05","82.76","102.14","62.16","57.90","79.9","47.33","77.88","81.30","57.64","62.82","63.66","59.75","71.46","76.07"
"2008-07-31","2008Jul","51.59","69.53","57.96","84.95","77.72","52.03","84.18","68.13","82.72","102.59","62.18","57.90","80.5","48.12","78.03","81.06","57.64","64.04","63.78","59.72","71.91","76.25"
"2008-08-31","2008Aug","51.72","69.70","58.15","85.13","77.77","51.69","84.38","68.35","82.92","102.98","62.34","56.22","80.5","49.28","78.14","85.85","57.64","64.04","63.87","60.49","72.43","76.32"
"2008-09-30","2008Sep","51.99","69.73","58.57","85.27","77.85","49.99","84.59","68.43","83.11","103.35","62.34","56.19","80.5","49.54","78.37","85.57","57.64","64.04","63.91","60.00","72.69","76.43"
"2008-10-31","2008Oct","52.12","69.82","58.76","85.39","77.97","48.70","84.86","68.40","83.24","103.59","62.48","56.19","81.3","49.57","78.54","85.94","57.64","64.04","63.98","60.18","72.89","76.58"
"2008-11-30","2008Nov","52.39","69.96","59.08","85.46","78.02","47.51","85.18","68.51","83.38","103.87","62.49","52.74","81.3","49.87","78.78","85.20","57.64","64.04","63.99","60.29","73.01","76.63"
"2008-12-31","2008Dec","52.52","70.00","59.87","85.60","78.02","44.61","85.41","68.72","83.51","104.33","62.92","52.88","81.3","49.92","78.91","84.10","58.99","64.04","64.00","59.89","73.02","76.69"
"2009-01-31","2009Jan","52.78","70.33","60.46","85.79","78.09","42.48","85.65","68.99","83.48","104.53","62.93","52.88","82.2","49.21","79.05","84.30","59.13","64.04","64.42","60.11","74.81","76.83"
"2009-02-28","2009Feb","53.18","70.42","61.24","86.10","78.21","39.00","85.94","69.85","83.68","104.77","63.10","49.85","82.2","46.50","79.15","81.08","59.55","64.04","64.66","60.04","75.15","76.94"
"2009-03-31","2009Mar","53.45","70.63","62.87","86.40","78.27","35.70","86.18","70.39","83.88","105.12","63.14","50.08","82.2","44.37","79.33","78.81","60.18","64.04","64.92","60.09","75.15","77.06"
"2009-04-30","2009Apr","53.58","70.76","63.68","86.78","78.34","32.69","86.41","70.27","84.23","105.33","63.13","50.08","82.7","44.22","79.40","75.58","60.27","64.04","65.10","59.78","75.15","77.23"
"2009-05-31","2009May","53.71","70.82","63.73","87.19","78.37","31.11","86.50","70.82","84.35","105.78","63.17","48.34","82.8","43.98","79.44","71.86","61.00","64.04","65.18","59.18","75.15","77.28"
"2009-06-30","2009Jun","53.85","71.01","63.85","87.45","78.44","31.00","86.62","71.39","84.48","106.15","63.14","48.38","82.8","42.69","79.61","69.24","60.08","64.04","65.43","59.37","75.97","77.38"
"2009-07-31","2009Jul","54.11","71.14","63.85","87.61","78.51","31.60","86.68","71.19","84.58","106.40","63.15","48.38","83.2","41.59","79.89","67.46","59.96","65.84","65.40","59.65","76.14","77.61"
"2009-08-31","2009Aug","54.51","71.05","63.85","87.70","78.57","32.07","86.75","71.03","84.78","106.72","63.15","47.24","83.2","40.95","80.02","65.10","59.96","65.84","65.51","59.67","76.14","77.68"
"2009-09-30","2009Sep","54.77","71.19","64.10","87.82","78.63","32.40","86.80","70.90","84.98","106.92","63.15","47.24","83.2","41.29","80.09","63.90","60.05","65.84","65.58","59.44","76.14","77.76"
"2009-10-31","2009Oct","55.04","71.23","64.10","87.91","78.69","31.21","86.84","70.79","84.98","107.12","63.16","47.24","83.6","38.95","80.20","63.85","60.24","65.84","65.61","59.31","76.74","77.83"
"2009-11-30","2009Nov","55.30","71.19","64.10","87.96","78.78","30.38","86.90","71.38","85.06","107.28","63.25","46.33","83.6","37.63","80.37","62.39","60.24","65.84","65.67","59.19","76.74","77.91"
"2009-12-31","2009Dec","55.57","71.22","64.05","87.96","78.79","28.74","86.93","71.49","85.15","107.53","63.43","46.20","83.6","36.63","80.45","60.69","60.29","65.84","65.70","58.84","76.74","77.95"
"2010-01-31","2010Jan","55.70","71.41","63.83","88.29","78.99","28.42","86.79","71.92","85.21","107.80","64.95","46.20","84.0","34.23","80.73","59.11","60.84","65.84","66.06","59.08","76.78","78.10"
"2010-02-28","2010Feb","55.70","71.46","63.79","88.19","79.12","28.22","86.59","71.54","85.40","107.94","64.95","45.92","84.2","32.50","80.93","59.19","60.86","65.84","66.14","58.88","76.78","78.19"
"2010-03-31","2010Mar","55.83","71.60","64.57","88.31","79.21","27.99","86.77","71.81","85.62","108.31","64.94","45.92","84.3","32.32","80.95","59.99","60.92","65.84","66.62","58.95","76.78","78.32"
"2010-04-30","2010Apr","55.83","71.61","64.69","88.50","79.34","27.75","87.85","71.61","85.70","108.43","64.93","45.92","84.4","33.14","81.06","60.07","60.94","65.84","66.71","58.86","76.78","78.46"
"2010-05-31","2010May","55.97","71.67","65.14","88.51","79.38","27.50","87.26","71.89","85.77","108.52","66.12","46.38","84.4","33.63","81.09","59.81","60.94","65.84","66.76","58.67","77.27","78.48"
"2010-06-30","2010Jun","56.10","71.74","65.11","88.33","79.43","27.95","88.29","72.37","85.85","108.75","66.70","46.24","84.4","33.74","81.16","59.87","60.90","65.84","66.78","58.44","77.27","78.60"
"2010-07-31","2010Jul","56.37","71.77","64.83","88.35","79.52","28.44","90.86","72.41","85.84","108.90","66.75","46.24","84.6","35.23","81.27","59.68","61.06","66.92","66.78","58.44","77.27","78.88"
"2010-08-31","2010Aug","56.63","71.83","64.96","88.33","79.58","30.26","94.06","72.52","85.97","109.14","66.72","46.00","84.7","35.69","81.32","60.37","61.08","66.92","66.73","58.89","77.28","79.11"
"2010-09-30","2010Sep","56.76","71.88","65.00","87.66","79.62","30.93","89.04","72.21","86.09","109.19","66.71","45.91","84.7","35.52","81.43","60.31","61.07","66.92","66.73","58.84","77.28","78.89"
"2010-10-31","2010Oct","56.76","71.92","65.54","87.68","79.66","31.14","87.89","72.27","86.05","109.14","66.71","45.91","84.9","35.08","81.47","62.66","61.07","66.92","66.75","58.61","77.28","78.86"
"2010-11-30","2010Nov","56.90","71.96","65.54","88.56","79.80","31.56","87.49","72.34","86.14","109.25","66.72","45.44","85.0","34.63","81.63","63.32","61.14","66.92","66.74","58.43","77.28","78.93"
"2010-12-31","2010Dec","56.90","72.03","65.57","88.89","79.88","32.20","88.12","72.65","86.22","109.42","66.82","45.38","85.1","33.97","81.71","62.34","61.17","66.92","66.74","58.52","77.28","79.04"
"2011-01-31","2011Jan","57.03","72.14","65.74","88.89","79.99","32.25","87.90","73.23","86.27","109.52","66.87","45.45","85.3","33.99","81.96","63.01","61.35","66.92","66.82","58.70","77.29","79.13"
"2011-02-28","2011Feb","57.16","72.28","65.80","87.87","80.12","32.36","87.58","73.91","86.45","109.57","66.90","45.93","85.5","33.66","82.33","63.14","61.35","66.92","66.93","58.60","77.72","79.25"
"2011-03-31","2011Mar","57.29","72.37","65.72","87.86","80.22","31.87","87.99","74.03","86.63","109.58","66.91","45.63","85.6","33.66","82.41","62.78","61.39","66.92","67.14","58.63","77.72","79.37"
"2011-04-30","2011Apr","57.42","72.45","65.74","88.93","80.31","32.91","89.17","74.03","86.64","109.62","66.91","45.87","85.7","34.69","82.49","62.56","61.85","66.92","67.27","58.42","77.72","79.51"
"2011-05-31","2011May","57.69","72.58","65.74","88.93","80.38","34.31","88.43","74.48","86.72","109.67","66.87","45.93","85.9","35.56","82.72","62.83","62.85","66.92","67.34","58.54","77.72","79.55"
"2011-06-30","2011Jun","57.95","72.62","65.77","88.93","80.43","35.54","89.40","74.61","86.81","109.72","66.86","45.71","85.9","35.75","82.79","62.92","62.86","66.92","67.37","58.42","77.72","79.66"
"2011-07-31","2011Jul","58.22","72.64","65.77","88.94","80.53","36.26","91.67","74.62","86.88","109.72","66.88","45.82","85.9","35.78","82.86","63.06","63.23","68.11","67.33","58.64","77.72","79.94"
"2011-08-31","2011Aug","58.62","72.64","65.73","88.94","80.58","39.25","94.43","74.90","86.96","109.72","66.87","45.85","85.9","35.21","82.95","64.08","63.23","68.11","67.35","58.86","77.76","80.15"
"2011-09-30","2011Sep","58.88","72.73","65.75","88.94","80.64","40.65","89.80","75.09","87.05","109.74","66.90","46.07","86.0","35.91","83.16","64.97","63.23","68.11","67.35","58.58","77.76","79.97"
"2011-10-31","2011Oct","59.02","72.85","65.75","89.01","80.72","41.82","88.71","75.14","87.12","109.58","66.95","46.56","86.3","35.39","83.22","65.91","63.25","68.11","67.37","58.26","77.76","80.00"
"2011-11-30","2011Nov","59.15","72.84","65.75","89.01","80.83","41.82","88.31","75.21","87.21","109.61","66.85","46.67","86.6","34.82","83.25","65.94","63.25","68.11","67.38","58.19","77.76","80.07"
"2011-12-31","2011Dec","59.15","72.85","65.80","89.18","80.92","40.32","88.86","75.56","87.30","109.46","66.85","46.12","86.7","34.73","83.25","66.21","63.28","68.11","67.41","58.00","77.76","80.17"
"2012-01-31","2012Jan","59.41","73.11","65.70","89.17","81.03","40.39","88.68","75.82","87.44","109.27","66.85","46.21","87.1","35.03","83.33","66.55","63.39","68.11","67.75","58.17","77.87","80.29"
"2012-02-29","2012Feb","59.68","73.40","65.72","89.11","81.09","40.30","88.35","76.13","87.61","109.01","66.86","46.77","87.2","36.62","83.36","67.14","63.27","68.11","67.94","57.74","78.05","80.38"
"2012-03-31","2012Mar","59.81","73.39","65.83","88.98","81.12","41.15","88.64","76.35","87.78","108.57","66.86","46.87","87.4","36.83","83.51","67.68","63.29","68.11","68.29","57.83","78.06","80.47"
"2012-04-30","2012Apr","60.21","73.50","65.90","89.22","81.21","42.37","89.80","76.72","88.06","108.20","66.86","46.52","87.7","36.84","83.62","68.00","63.26","68.11","68.49","57.62","78.21","80.66"
"2012-05-31","2012May","60.61","73.71","66.10","89.25","81.30","44.01","89.00","77.30","88.15","107.88","66.85","46.49","87.7","37.67","83.70","68.98","63.28","68.11","68.60","57.40","78.21","80.71"
"2012-06-30","2012Jun","60.87","73.72","66.10","89.22","81.34","44.52","89.88","77.67","88.25","107.49","66.84","46.31","87.8","38.47","83.99","70.03","63.31","68.11","68.71","57.62","78.21","80.82"
"2012-07-31","2012Jul","61.00","73.82","66.73","89.22","81.42","45.47","91.74","78.17","88.28","107.28","66.84","46.41","87.9","39.11","84.09","70.93","63.28","70.04","68.78","57.45","78.21","81.13"
"2012-08-31","2012Aug","61.00","73.82","66.73","89.12","81.48","46.55","94.12","77.63","88.37","106.87","66.86","46.42","88.0","39.60","84.09","71.67","63.34","70.04","68.85","57.85","78.21","81.28"
"2012-09-30","2012Sep","61.00","73.94","66.90","89.11","81.58","45.58","90.06","77.82","88.46","106.53","66.84","46.77","88.1","41.74","84.23","72.18","63.35","70.04","68.85","57.45","78.21","81.16"
"2012-10-31","2012Oct","61.27","73.98","66.75","89.12","81.67","46.38","89.23","78.00","88.61","106.26","66.82","47.05","88.3","40.64","84.26","72.48","63.36","70.04","68.90","57.11","78.37","81.22"
"2012-11-30","2012Nov","61.53","73.99","66.78","89.11","81.73","44.70","88.83","77.94","88.70","105.71","66.82","47.28","88.4","39.84","84.29","72.56","63.37","70.04","69.01","56.85","78.37","81.25"
"2012-12-31","2012Dec","61.80","74.00","66.78","89.12","81.79","44.83","89.16","78.16","88.79","105.10","66.84","47.45","88.5","39.58","84.15","72.55","63.43","70.04","69.03","56.76","78.37","81.33"
"2013-01-31","2013Jan","61.93","74.21","66.65","86.19","81.92","48.08","88.73","78.38","88.88","104.63","66.83","47.50","88.6","38.28","84.28","71.97","63.44","70.04","69.39","57.02","78.42","81.41"
"2013-02-28","2013Feb","62.07","74.30","66.58","86.20","82.01","46.87","88.42","78.70","89.38","104.00","66.82","47.57","88.7","38.43","84.52","72.55","63.49","70.04","69.43","57.30","78.42","81.55"
"2013-03-31","2013Mar","62.07","74.40","66.75","86.19","82.08","44.96","88.79","79.06","89.46","103.44","66.82","48.05","88.8","38.26","84.73","72.88","63.50","70.04","69.30","57.16","78.42","81.65"
"2013-04-30","2013Apr","62.20","74.60","66.70","85.05","82.17","47.81","89.32","79.52","89.46","102.20","66.86","48.50","89.0","38.63","84.81","73.04","63.50","70.04","69.41","57.11","78.42","81.74"
"2013-05-31","2013May","62.33","74.61","66.70","83.05","82.24","49.34","89.23","79.21","89.52","101.25","66.87","48.70","89.1","40.38","84.87","72.78","63.51","70.04","69.59","56.70","78.42","81.78"
"2013-06-30","2013Jun","62.46","74.71","66.74","82.62","82.33","50.50","90.06","79.45","89.55","100.44","66.85","49.25","89.2","41.32","85.06","73.36","63.53","70.04","69.51","56.79","78.46","81.89"
"2013-07-31","2013Jul","62.60","74.72","66.74","82.62","82.47","51.65","91.96","79.64","89.71","99.72","66.84","49.49","89.2","42.50","85.20","74.02","63.52","73.29","69.52","56.87","78.35","82.33"
"2013-08-31","2013Aug","62.73","74.84","66.74","82.62","82.55","52.06","94.07","79.83","89.82","98.50","66.80","49.63","89.3","43.03","85.34","74.76","63.53","73.29","69.43","57.32","78.35","82.51"
"2013-09-30","2013Sep","62.86","74.85","66.65","82.62","82.61","52.69","90.07","79.99","89.89","97.82","66.81","50.01","89.3","43.52","85.42","75.29","63.53","73.29","69.45","57.09","78.40","82.35"
"2013-10-31","2013Oct","62.99","74.96","66.65","81.23","82.69","54.45","88.95","80.16","89.90","97.23","66.82","50.37","89.0","43.16","85.42","76.19","63.55","73.29","69.36","56.41","78.35","82.32"
"2013-11-30","2013Nov","63.13","75.04","66.59","80.02","82.85","54.67","88.46","80.27","89.93","96.25","66.83","50.82","88.7","42.34","85.49","75.60","63.56","73.29","69.49","56.27","78.35","82.35"
"2013-12-31","2013Dec","63.39","75.11","66.55","79.97","82.91","53.34","88.60","80.43","89.96","95.25","66.84","51.30","88.7","42.16","85.53","75.83","63.67","73.29","69.58","56.23","78.35","82.41"
"2014-01-31","2014Jan","63.66","75.47","66.60","79.36","83.08","53.40","88.13","80.62","90.05","94.72","67.59","51.58","88.8","42.18","85.63","76.81","63.68","73.29","71.70","55.96","78.41","82.52"
"2014-02-28","2014Feb","63.92","75.67","66.62","79.34","83.23","53.21","87.81","80.82","90.38","94.20","67.46","52.14","88.6","42.35","85.65","76.93","63.68","73.29","72.87","56.12","78.41","82.67"
"2014-03-31","2014Mar","64.19","75.78","66.63","78.80","83.30","54.35","87.83","81.22","90.42","93.73","67.46","52.49","88.7","43.08","85.70","76.96","63.70","73.29","72.56","56.07","78.41","82.73"
"2014-04-30","2014Apr","64.45","75.82","66.59","78.73","83.46","54.95","88.99","81.61","90.43","93.28","67.43","52.56","88.7","43.61","85.74","76.47","63.70","73.29","72.45","56.20","78.41","82.88"
"2014-05-31","2014May","64.58","75.91","66.81","78.54","83.56","54.32","88.74","81.86","90.51","92.78","67.33","52.79","88.7","45.89","85.75","77.69","63.70","73.29","72.48","56.42","78.41","82.94"
"2014-06-30","2014Jun","64.85","75.97","66.81","78.13","83.62","56.89","89.57","82.08","90.54","92.71","67.43","53.05","88.7","46.74","85.80","76.57","63.71","73.29","72.52","56.48","78.41","83.04"
"2014-07-31","2014Jul","65.12","76.05","66.78","78.07","83.73","59.07","91.27","82.25","90.58","92.49","67.53","53.05","88.7","46.92","85.82","77.27","63.71","76.48","72.49","56.72","78.41","83.42"
"2014-08-31","2014Aug","65.38","76.08","66.78","78.07","83.81","59.57","93.49","82.41","90.64","92.27","67.59","53.44","88.7","48.09","85.82","79.28","63.71","76.48","72.51","56.72","78.41","83.61"
"2014-09-30","2014Sep","65.65","76.18","67.07","77.96","83.88","60.55","89.61","82.56","90.68","91.75","68.58","54.09","88.8","49.05","86.04","79.72","63.72","76.48","72.62","56.30","78.41","83.47"
"2014-10-31","2014Oct","65.91","76.27","67.07","77.60","83.97","57.70","88.50","82.81","90.74","90.93","68.67","54.31","88.8","48.57","86.10","78.64","63.72","76.48","72.65","56.24","78.41","83.47"
"2014-11-30","2014Nov","66.31","76.33","67.07","77.44","84.10","57.93","87.96","82.93","90.81","90.24","68.71","54.60","88.8","48.28","86.15","77.63","63.72","76.48","72.72","56.62","78.41","83.53"
"2014-12-31","2014Dec","66.57","76.38","67.07","77.44","84.15","55.81","88.20","83.11","90.86","89.55","68.46","54.94","88.7","47.74","86.23","78.24","63.75","76.48","72.79","56.94","78.41","83.59"
"2015-01-31","2015Jan","66.97","76.54","67.21","77.44","84.26","57.42","88.19","83.26","90.88","89.55","68.48","55.61","88.7","48.38","86.29","77.50","63.89","76.48","73.58","56.99","78.41","83.69"
"2015-02-28","2015Feb","67.10","76.59","67.34","77.59","84.30","58.03","88.19","83.52","90.98","89.55","68.56","56.03","88.8","48.96","86.67","76.96","64.24","76.48","73.10","57.10","78.41","83.74"
"2015-03-31","2015Mar","67.37","76.64","67.29","77.59","84.41","57.85","88.13","83.81","91.01","89.55","68.38","56.29","88.8","49.34","86.87","76.93","64.59","76.48","73.07","57.21","78.41","83.82"
"2015-04-30","2015Apr","67.64","76.67","67.30","77.50","84.52","58.04","88.05","84.11","91.06","89.34","68.26","56.57","88.8","50.87","87.05","77.25","64.94","76.48","73.10","57.10","78.41","83.90"
"2015-05-31","2015May","67.77","76.67","67.30","77.50","84.59","60.11","88.04","84.33","91.12","89.14","68.16","56.81","88.8","53.88","87.18","78.43","64.94","76.48","73.17","56.89","78.41","83.96"
"2015-06-30","2015Jun","68.03","76.73","67.30","77.57","84.66","61.80","88.02","84.53","91.14","88.58","68.01","57.21","88.8","55.00","87.47","78.43","65.64","76.48","73.32","56.94","78.41","84.02"
"2015-07-31","2015Jul","68.30","76.76","67.30","77.57","84.74","63.18","87.99","84.67","91.14","87.89","68.04","57.72","88.8","56.61","87.60","80.36","65.66","78.30","73.37","57.13","78.41","84.21"
"2015-08-31","2015Aug","68.30","76.77","67.30","77.23","84.80","64.01","87.97","84.84","91.25","87.96","68.32","58.22","88.8","59.04","87.64","80.60","65.79","78.30","73.37","57.55","78.41","84.28"
"2015-09-30","2015Sep","68.30","76.81","67.35","77.19","84.86","63.18","87.97","84.99","91.28","87.44","68.14","58.86","88.8","59.67","87.65","79.36","65.84","78.30","73.36","57.97","78.41","84.32"
"2015-10-31","2015Oct","68.30","76.86","67.36","77.19","84.93","62.31","87.92","85.12","91.28","87.42","68.26","59.11","88.8","57.72","87.67","78.45","65.99","78.18","73.46","58.55","78.41","84.35"
"2015-11-30","2015Nov","68.43","76.98","67.42","77.19","85.00","61.73","87.90","85.21","91.27","87.13","68.21","59.31","88.9","57.21","87.69","77.78","66.11","78.18","73.58","58.66","78.41","84.39"
"2015-12-31","2015Dec","68.43","77.04","67.42","77.16","85.04","58.43","87.88","85.31","91.29","85.99","68.33","59.51","88.9","57.36","87.71","77.09","66.14","78.18","73.48","58.23","78.41","84.40"
"2016-01-31","2016Jan","68.56","77.18","67.41","77.08","85.18","61.58","87.88","85.39","91.29","85.99","68.30","60.16","89.0","58.34","87.82","76.65","68.06","78.18","73.71","57.96","78.43","84.50"
"2016-02-29","2016Feb","68.83","77.31","67.42","77.05","85.27","62.25","87.92","85.59","91.36","85.99","68.26","60.73","89.0","58.80","87.84","76.57","68.12","78.18","74.45","57.80","78.59","84.61"
"2016-03-31","2016Mar","69.23","77.39","67.41","77.02","85.34","63.16","87.92","85.84","91.37","85.99","68.12","60.96","89.0","59.33","87.83","78.41","68.12","78.18","74.38","57.98","78.59","84.66"
"2016-04-30","2016Apr","69.49","77.41","67.74","76.99","85.43","63.16","87.95","86.10","91.38","85.99","67.81","61.52","89.0","59.60","87.94","76.99","68.12","78.18","74.47","57.79","78.59","84.73"
"2016-05-31","2016May","69.76","77.42","67.74","76.95","85.48","64.00","87.97","86.30","91.42","85.99","67.56","61.77","89.1","60.47","88.02","77.52","68.13","78.18","74.45","57.94","78.59","84.79"
"2016-06-30","2016Jun","69.89","77.45","67.74","76.94","85.56","63.88","87.98","86.45","91.43","85.99","67.57","62.25","89.2","60.08","88.05","77.17","68.16","78.18","74.47","58.43","78.62","84.85"
"2016-07-31","2016Jul","70.15","77.50","67.74","76.97","85.69","65.76","87.93","86.61","91.45","85.99","66.91","62.73","89.1","61.21","88.02","77.90","68.18","79.76","74.50","58.36","78.64","85.05"
"2016-08-31","2016Aug","70.42","77.54","67.77","76.91","85.83","66.17","87.94","86.73","91.48","85.99","66.99","63.11","89.1","61.73","88.05","77.56","68.18","79.76","74.57","58.64","78.64","85.14"
"2016-09-30","2016Sep","70.55","77.59","67.84","76.92","85.97","66.91","87.97","86.85","91.50","85.99","67.09","64.10","89.1","60.63","88.08","77.68","68.31","79.76","74.69","58.37","78.64","85.24"
"2016-10-31","2016Oct","70.82","77.63","67.92","76.98","86.11","65.97","87.94","86.95","91.50","85.99","67.07","64.60","89.0","60.89","88.13","77.21","68.31","79.76","74.95","58.84","78.64","85.32"
"2016-11-30","2016Nov","71.08","77.69","67.99","77.13","86.23","64.49","87.96","87.05","91.52","85.99","67.20","64.61","89.0","60.36","88.17","75.97","68.31","79.76","75.16","60.03","78.64","85.40"
"2016-12-31","2016Dec","71.35","77.71","67.99","77.13","86.34","65.79","87.96","87.15","91.53","85.99","67.42","64.82","89.1","60.27","88.45","76.54","68.33","79.76","75.16","59.44","78.64","85.47"
"2017-01-31","2017Jan","71.48","77.91","68.08","77.16","86.52","67.90","87.99","87.26","91.48","85.99","67.28","64.83","89.1","59.58","88.48","75.76","68.41","79.76","75.29","59.57","78.67","85.56"
"2017-02-28","2017Feb","71.75","78.16","68.08","77.30","86.63","66.29","88.02","87.46","91.51","85.85","67.31","65.48","89.1","59.74","88.65","77.07","68.46","79.76","75.12","59.75","78.74","85.65"
"2017-03-31","2017Mar","71.88","78.22","68.11","77.36","86.73","66.54","88.07","87.69","91.52","85.39","67.39","65.42","89.2","59.44","88.70","75.87","68.46","79.76","75.30","60.64","78.74","85.71"
"2017-04-30","2017Apr","72.14","78.23","68.37","77.45","86.88","65.12","88.12","87.90","91.58","85.24","67.00","65.72","89.2","59.39","88.93","76.07","68.46","79.76","75.20","60.15","78.74","85.81"
"2017-05-31","2017May","72.41","78.25","68.37","77.45","87.00","66.79","88.18","88.06","91.60","84.80","67.11","65.78","89.3","59.58","89.02","76.18","68.49","79.76","75.14","60.23","78.74","85.88"
"2017-06-30","2017Jun","72.81","78.29","68.44","77.49","87.09","68.33","88.25","88.22","91.61","84.57","67.25","66.65","89.3","59.41","89.06","76.86","68.50","79.76","75.20","61.31","78.78","85.96"
"2017-07-31","2017Jul","73.07","78.32","68.44","77.67","87.20","69.81","88.31","88.32","91.61","84.28","67.04","66.86","89.2","59.84","89.12","78.00","68.52","81.02","75.23","60.69","78.93","86.11"
"2017-08-31","2017Aug","73.34","78.38","68.46","77.74","87.28","72.28","88.37","88.44","91.63","83.49","67.09","67.29","89.2","60.92","89.16","78.65","68.53","81.02","75.33","62.01","78.93","86.17"
"2017-09-30","2017Sep","73.60","78.42","68.48","77.74","87.37","72.13","88.45","88.57","91.64","82.85","67.39","68.00","89.3","61.37","89.17","77.92","68.57","81.02","75.44","62.18","78.93","86.24"
"2017-10-31","2017Oct","74.00","78.46","68.62","77.85","87.50","72.37","88.55","88.67","91.68","82.85","67.46","68.33","89.3","61.55","89.33","77.34","68.58","81.02","75.46","62.90","78.93","86.34"
"2017-11-30","2017Nov","74.13","78.55","68.66","77.91","87.62","72.63","88.65","88.76","91.71","82.23","67.73","68.33","89.4","61.59","89.52","76.60","68.58","81.02","75.53","65.94","78.93","86.41"
"2017-12-31","2017Dec","74.27","78.62","68.71","77.91","87.74","69.57","88.73","88.85","91.72","81.37","67.95","68.72","89.4","61.62","89.60","76.62","68.60","81.02","75.63","63.39","78.93","86.48"
"2018-01-31","2018Jan","74.53","78.86","68.88","78.37","88.05","71.76","88.83","88.99","91.79","81.37","68.03","68.84","89.4","61.83","89.77","76.82","68.85","81.02","75.79","63.24","78.93","86.66"
"2018-02-28","2018Feb","74.66","78.95","69.05","78.63","88.16","70.83","88.91","89.16","91.93","81.37","68.98","69.51","89.4","62.21","89.79","77.64","68.99","81.02","75.97","63.87","79.04","86.77"
"2018-03-31","2018Mar","74.80","79.03","69.08","78.82","88.26","72.17","89.03","89.33","91.95","81.37","68.81","69.99","89.5","63.05","89.82","78.51","69.12","81.02","76.15","63.42","79.04","86.86"
"2018-04-30","2018Apr","74.93","79.08","69.49","79.01","88.37","72.64","89.14","89.53","91.98","81.37","68.90","70.31","89.5","63.09","89.87","76.76","69.37","81.02","76.28","64.12","79.04","86.94"
"2018-05-31","2018May","75.19","79.08","69.51","79.05","88.49","71.71","89.26","89.70","92.05","81.37","68.87","70.64","89.5","63.26","89.91","77.91","69.53","81.02","76.49","65.62","79.07","87.03"
"2018-06-30","2018Jun","75.46","79.11","69.51","79.30","88.60","75.72","89.35","89.85","91.01","81.37","68.89","70.74","89.6","63.61","89.93","80.13","69.67","81.02","76.63","64.52","79.07","86.90"
"2018-07-31","2018Jul","75.72","79.17","69.51","79.38","88.72","76.75","89.46","89.99","90.95","81.37","68.84","70.87","89.6","64.28","90.30","80.64","69.81","82.89","76.81","64.70","79.07","87.11"
"2018-08-31","2018Aug","75.99","79.20","70.15","79.89","88.83","74.71","89.56","90.11","90.86","81.37","68.93","71.52","89.6","64.48","90.46","84.58","69.85","82.89","76.98","65.29","79.08","87.18"
"2018-09-30","2018Sep","76.26","79.24","70.22","80.43","88.91","77.68","89.67","90.23","90.88","81.37","69.24","72.01","89.7","64.22","90.46","82.21","69.94","82.89","77.20","66.50","79.11","87.25"
"2018-10-31","2018Oct","76.52","79.30","70.22","80.43","89.02","74.71","89.82","90.33","90.98","81.37","69.10","72.50","89.7","64.48","90.62","82.71","70.13","82.92","77.37","68.33","79.11","87.36"
"2018-11-30","2018Nov","76.65","79.33","70.29","80.43","89.12","74.79","89.97","90.44","91.00","81.37","69.51","72.83","89.8","65.07","90.64","81.51","70.27","82.92","77.56","67.77","79.17","87.44"
"2018-12-31","2018Dec","76.79","79.33","70.38","80.43","89.21","74.72","90.06","90.53","91.04","81.37","70.62","72.98","89.8","66.25","90.69","81.96","70.55","82.92","77.71","67.53","79.17","87.50"
"2019-01-31","2019Jan","76.92","79.61","70.73","81.39","89.38","74.64","90.20","90.66","91.11","81.37","71.89","73.24","89.7","64.82","90.84","82.71","70.55","82.92","77.98","67.65","79.32","87.62"
"2019-02-28","2019Feb","77.05","79.79","70.78","81.51","89.50","76.84","90.34","90.87","91.57","81.37","71.84","73.42","89.8","67.69","90.97","81.94","70.88","82.92","78.18","67.11","79.32","87.81"
"2019-03-31","2019Mar","77.18","79.81","71.82","81.51","89.57","78.28","90.44","91.09","91.61","81.37","72.20","73.72","89.8","67.82","91.07","81.75","71.41","82.92","78.44","68.37","79.32","87.87"
"2019-04-30","2019Apr","77.32","79.81","71.96","82.00","89.71","77.47","90.55","91.33","91.71","81.37","72.20","74.02","89.8","67.90","91.37","82.45","71.81","82.92","78.64","68.84","79.32","87.98"
"2019-05-31","2019May","77.71","79.89","72.05","82.07","89.80","77.67","90.65","91.51","91.71","81.37","72.16","74.20","89.7","68.81","91.37","82.62","71.97","82.92","78.84","67.24","79.32","88.05"
"2019-06-30","2019Jun","77.98","79.93","72.17","82.28","89.91","81.26","90.76","91.69","91.75","81.37","72.13","74.62","89.7","69.24","91.39","83.63","71.72","82.92","79.06","67.37","79.60","88.14"
"2019-07-31","2019Jul","78.24","79.97","72.28","82.32","90.02","79.42","90.88","91.84","91.80","81.37","72.10","74.87","89.8","69.50","91.39","84.80","72.34","85.02","79.27","68.62","79.67","88.39"
"2019-08-31","2019Aug","78.24","80.01","72.28","82.32","90.08","83.93","90.96","91.97","91.86","81.37","72.69","75.28","89.9","69.68","91.39","87.09","72.77","85.02","79.48","69.59","79.67","88.46"
"2019-09-30","2019Sep","78.24","80.05","72.31","82.40","90.18","79.39","91.05","92.08","91.90","81.37","72.60","76.06","89.9","69.95","91.39","85.48","73.29","85.02","79.72","69.06","79.69","88.54"
"2019-10-31","2019Oct","78.24","80.23","72.37","82.65","90.33","80.62","91.15","92.18","91.97","81.37","72.74","76.17","90.0","69.92","91.83","85.69","73.68","85.02","79.97","68.04","79.69","88.65"
"2019-11-30","2019Nov","78.51","80.28","72.43","82.97","90.43","79.27","91.25","92.28","91.97","81.37","72.72","76.18","90.0","69.76","91.93","84.43","74.78","85.02","80.18","68.27","79.69","88.72"
"2019-12-31","2019Dec","78.78","80.31","72.43","82.97","90.53","80.04","91.36","92.37","92.01","81.37","73.77","76.28","90.0","69.51","91.93","83.40","75.36","85.02","80.33","67.90","79.69","88.79"
"2020-01-31","2020Jan","79.04","81.81","72.93","83.79","90.70","81.67","91.47","92.53","92.07","81.37","74.17","76.24","90.1","69.65","92.03","85.45","74.79","85.02","80.59","67.56","79.78","88.97"
"2020-02-29","2020Feb","79.31","81.44","73.54","83.89","90.81","81.33","91.58","92.43","92.07","81.37","74.21","76.42","90.1","69.99","92.21","86.02","75.45","85.02","80.78","68.94","79.82","89.03"
"2020-03-31","2020Mar","79.44","81.79","73.62","83.89","90.94","81.84","91.65","92.59","92.11","81.37","74.31","76.29","90.0","70.19","92.21","85.22","75.64","85.02","81.02","69.49","79.88","89.12"
"2020-04-30","2020Apr","79.70","82.04","73.69","83.89","91.06","75.37","91.67","92.87","92.10","81.37","74.35","75.11","90.1","70.09","92.28","79.16","75.23","85.02","81.10","66.86","79.92","89.17"
"2020-05-31","2020May","80.23","82.01","73.82","84.11","91.11","71.69","91.70","92.92","92.01","81.37","74.78","74.41","90.0","70.08","92.31","78.22","75.38","85.02","80.95","67.42","80.91","89.17"
"2020-06-30","2020Jun","80.90","82.10","73.83","84.11","91.21","71.74","91.79","92.93","92.03","81.37","73.73","74.30","90.0","70.18","92.35","78.97","75.53","85.02","80.93","65.46","81.21","89.24"
"2020-07-31","2020Jul","81.43","81.79","73.93","84.37","91.28","72.35","91.91","93.03","92.06","81.37","73.59","74.40","90.1","70.37","92.42","80.89","75.82","87.47","81.10","65.59","81.21","89.48"
"2020-08-31","2020Aug","81.83","81.87","73.93","84.37","91.36","72.15","91.96","93.08","92.08","81.37","73.63","74.53","90.1","70.58","92.44","82.44","75.51","87.47","81.31","65.87","81.21","89.55"
"2020-09-30","2020Sep","82.22","82.11","74.03","84.37","91.44","75.09","92.03","93.14","92.11","81.37","73.76","74.64","90.0","71.00","92.51","83.00","76.19","87.47","81.51","66.14","81.21","89.62"
"2020-10-31","2020Oct","82.62","82.58","74.02","84.37","91.56","75.99","92.04","93.22","92.17","81.37","73.91","74.31","90.0","71.32","92.59","82.05","74.98","87.52","81.68","65.63","81.21","89.72"
"2020-11-30","2020Nov","82.89","82.58","74.07","84.85","91.66","75.04","92.10","93.22","92.20","81.37","73.90","74.33","90.1","71.61","92.70","81.37","75.22","87.52","81.80","65.32","81.21","89.79"
"2020-12-31","2020Dec","83.15","83.18","74.10","84.85","91.71","74.93","92.13","93.20","92.23","81.37","73.61","74.56","90.1","71.37","92.72","81.50","75.98","87.52","81.87","65.11","81.21","89.85"
"2021-01-31","2021Jan","83.42","83.02","74.51","84.85","91.89","74.61","92.18","93.27","92.26","81.37","74.43","74.76","90.1","71.32","92.81","82.44","75.02","87.52","82.04","65.19","81.21","89.96"
"2021-02-28","2021Feb","83.58","83.15","74.56","84.85","92.00","74.31","92.23","93.29","92.87","81.37","74.38","74.90","89.9","71.37","93.14","80.86","76.52","87.52","82.11","65.12","81.24","90.14"
"2021-03-31","2021Mar","83.68","83.24","74.68","85.22","92.13","74.18","92.26","93.40","92.89","81.37","74.22","75.50","89.9","70.96","93.16","80.52","74.19","87.52","82.22","65.28","81.24","90.22"
"2021-04-30","2021Apr","83.71","83.19","74.71","85.22","92.21","73.01","92.29","93.67","92.96","81.37","74.21","76.30","90.0","71.36","93.36","82.46","73.42","87.52","82.30","65.33","81.24","90.30"
"2021-05-31","2021May","83.42","83.63","75.02","85.47","92.32","75.28","92.30","93.68","92.86","81.42","73.87","76.20","90.0","71.39","93.54","82.97","72.94","87.52","82.41","65.32","81.25","90.35"
"2021-06-30","2021Jun","83.00","83.72","75.01","85.53","92.39","76.63","92.36","93.74","92.88","81.45","74.12","75.81","90.0","71.44","93.84","81.65","72.88","87.52","82.53","65.74","81.25","90.38"
"2021-07-31","2021Jul","82.44","83.38","74.97","85.66","92.49","78.74","92.40","93.84","92.94","81.44","73.73","75.95","90.1","71.20","93.84","83.24","73.33","88.18","82.68","69.61","81.25","90.47"
"2021-08-31","2021Aug","82.17","83.71","75.05","85.66","92.59","81.89","92.42","93.88","93.05","81.47","74.16","76.98","90.1","71.93","93.95","85.95","74.47","88.18","82.84","70.67","81.25","90.58"
"2021-09-30","2021Sep","81.90","84.11","75.20","86.18","92.69","82.58","92.47","93.93","93.07","81.52","74.58","78.77","90.2","72.99","93.99","84.87","74.51","88.18","83.05","70.51","81.27","90.69"
"2021-10-31","2021Oct","81.50","84.56","75.20","86.97","92.83","84.89","92.50","94.02","93.06","81.52","74.60","79.40","90.2","73.70","94.00","85.51","75.16","88.18","83.21","71.55","82.03","90.79"
"2021-11-30","2021Nov","81.49","84.42","75.39","87.18","92.91","83.41","92.56","94.04","92.88","81.58","74.60","79.77","90.2","68.51","94.20","85.35","75.32","88.18","83.36","77.46","82.03","90.80"
"2021-12-31","2021Dec","81.52","85.04","75.82","87.18","92.98","83.53","92.62","93.66","92.91","81.76","75.15","80.32","90.2","75.55","94.22","83.99","75.45","88.18","83.47","76.84","82.03","90.89"
"2022-01-31","2022Jan","81.54","84.79","76.38","87.18","93.18","86.01","92.77","93.88","92.93","81.92","75.78","80.59","90.4","76.33","94.55","84.18","76.08","88.18","83.73","77.13","81.76","91.00"
"2022-02-28","2022Feb","81.75","85.21","77.92","87.53","93.33","84.24","92.93","93.91","93.23","81.95","75.76","81.21","90.5","77.52","94.64","83.41","76.32","88.18","83.88","76.99","81.98","91.19"
"2022-03-31","2022Mar","81.97","85.44","79.01","87.53","93.46","87.24","93.13","94.42","93.26","81.99","76.26","81.89","90.6","78.37","94.87","83.25","76.80","88.18","84.06","76.41","83.14","91.32"
"2022-04-30","2022Apr","82.18","85.36","79.14","88.05","93.61","98.10","93.31","94.50","93.33","82.07","76.17","82.77","90.7","80.11","94.89","84.21","77.19","88.18","84.30","81.24","84.23","91.47"
"2022-05-31","2022May","82.69","86.09","79.73","88.05","93.79","93.74","93.46","94.58","93.41","82.15","76.12","83.86","90.9","81.31","95.00","87.94","77.03","88.18","84.54","82.55","84.35","91.66"
"2022-06-30","2022Jun","83.13","86.73","79.84","88.25","93.92","99.56","93.60","94.65","93.46","82.15","76.40","84.44","91.0","83.44","95.18","89.26","77.99","88.18","84.72","81.99","84.73","91.81"
"2022-07-31","2022Jul","83.49","86.50","80.03","88.26","94.08","101.55","93.74","94.75","93.53","82.15","76.23","85.20","91.1","84.67","95.34","89.81","78.22","90.79","84.95","82.97","84.71","92.12"
"2022-08-31","2022Aug","83.67","86.83","80.28","89.05","94.19","102.55","93.84","94.81","93.63","82.15","77.08","86.27","91.1","85.99","95.39","90.40","78.77","90.79","85.20","83.93","85.89","92.25"
"2022-09-30","2022Sep","84.15","87.36","80.85","89.05","94.34","104.76","93.95","94.87","93.71","82.41","77.37","86.69","91.4","86.57","95.82","86.92","79.79","90.79","85.47","84.40","86.59","92.42"
"2022-10-31","2022Oct","84.45","88.28","80.86","89.29","94.50","101.46","94.10","95.00","93.80","82.83","77.35","87.02","91.5","87.99","95.90","84.66","80.02","90.79","85.77","85.95","86.80","92.60"
"2022-11-30","2022Nov","85.13","88.57","81.49","89.29","94.67","96.30","94.24","95.10","93.89","83.71","77.39","87.41","92.0","88.78","95.96","82.81","80.97","90.79","86.02","85.77","86.52","92.77"
"2022-12-31","2022Dec","85.90","89.28","81.62","89.77","94.75","95.79","94.41","95.15","93.98","84.76","78.45","87.88","92.1","89.72","96.08","82.31","81.79","90.79","86.23","86.41","86.94","92.93"
"2023-01-31","2023Jan","86.45","89.81","84.34","90.24","95.03","96.45","94.64","95.58","94.06","85.20","78.93","88.02","91.9","90.14","96.18","84.03","82.53","90.79","86.71","87.19","87.75","93.13"
"2023-02-28","2023Feb","86.98","90.46","85.10","90.29","95.16","94.67","94.81","95.74","95.18","85.20","80.39","88.80","92.5","90.45","96.34","82.39","83.72","90.79","87.10","85.67","88.28","93.57"
"2023-03-31","2023Mar","87.41","90.68","85.92","91.03","95.37","98.20","95.05","96.01","95.27","85.20","80.78","89.28","92.6","90.38","96.49","83.93","85.51","90.79","87.58","86.64","88.73","93.76"
"2023-04-30","2023Apr","87.96","90.68","86.03","91.03","95.51","94.36","95.22","96.28","95.34","85.20","81.16","89.41","92.7","90.88","96.75","86.88","87.49","90.79","87.96","91.46","88.91","93.88"
"2023-05-31","2023May","88.81","91.46","86.40","92.03","95.69","94.80","95.41","96.39","95.46","85.51","80.82","89.92","93.1","91.21","96.92","87.19","88.84","90.79","88.30","91.41","88.63","94.11"
"2023-06-30","2023Jun","89.33","91.87","86.50","92.03","95.83","96.67","95.55","96.49","95.53","85.87","80.91","90.39","93.2","92.46","96.94","89.49","89.76","90.79","88.65","92.45","89.01","94.26"
"2023-07-31","2023Jul","89.95","91.77","86.52","92.38","95.97","97.79","95.70","96.81","95.63","86.72","81.17","90.88","93.4","92.25","97.04","89.97","92.90","92.59","88.96","92.64","89.22","94.57"
"2023-08-31","2023Aug","90.84","92.18","86.87","93.31","96.18","100.51","95.76","96.91","95.74","87.06","81.84","91.88","93.9","92.24","97.18","91.42","93.20","92.59","89.30","94.93","90.22","94.82"
"2023-09-30","2023Sep","91.62","92.05","86.87","93.41","96.29","96.71","95.88","96.99","95.82","87.62","82.55","92.72","93.9","92.10","97.19","91.84","93.90","92.59","89.66","96.84","90.15","94.94"
"2023-10-31","2023Oct","92.43","93.45","87.26","94.11","96.43","97.18","96.03","97.24","95.94","87.88","83.02","92.72","94.0","92.47","97.39","91.26","94.56","92.59","90.03","97.85","90.04","95.15"
"2023-11-30","2023Nov","93.07","93.58","87.54","94.50","96.54","94.71","96.20","97.27","95.96","88.01","83.18","92.84","94.2","92.85","97.44","90.32","95.14","92.59","90.37","95.92","90.34","95.25"
"2023-12-31","2023Dec","93.68","94.22","88.10","94.53","96.69","92.67","96.32","97.29","96.06","88.12","83.45","93.47","94.8","92.77","97.52","90.02","96.36","92.59","90.60","94.44","90.58","95.46"
"2024-01-31","2024Jan","94.26","95.07","89.50","94.65","97.01","92.84","96.51","97.99","96.22","88.25","83.60","93.53","95.0","92.84","97.62","90.72","97.38","92.59","91.85","94.82","91.25","95.74"
"2024-02-29","2024Feb","94.41","95.59","89.73","94.90","97.20","92.90","96.74","98.21","97.24","88.41","84.32","93.87","95.3","93.21","97.92","90.45","97.56","92.59","92.80","96.21","92.10","96.17"
"2024-03-31","2024Mar","94.74","95.71","90.03","95.62","97.39","93.26","96.99","98.50","97.44","88.61","84.84","94.11","95.5","94.35","97.98","91.05","97.94","92.59","93.65","94.88","92.54","96.37"
"2024-04-30","2024Apr","94.94","95.55","90.14","95.90","97.62","92.82","97.24","98.74","97.54","88.84","84.83","94.21","95.6","94.66","98.03","92.90","97.71","92.59","94.21","97.68","94.38","96.53"
"2024-05-31","2024May","95.17","96.07","90.29","96.04","97.75","94.39","97.48","98.86","97.74","89.24","84.63","94.49","95.8","94.73","98.21","93.69","98.25","92.59","94.60","98.08","93.56","96.71"
"2024-06-30","2024Jun","95.70","96.15","91.34","96.86","97.89","93.77","97.64","98.96","97.84","89.69","84.57","95.32","96.1","95.43","98.24","94.70","98.73","92.59","94.95","98.38","95.24","96.88"
"2024-07-31","2024Jul","96.17","95.99","91.98","96.94","98.05","97.48","97.77","99.19","97.89","90.27","85.41","95.56","96.4","96.70","98.67","97.29","98.67","97.62","95.31","97.91","95.90","97.45"
"2024-08-31","2024Aug","96.39","96.50","92.09","96.94","98.18","99.18","97.91","99.27","97.98","91.04","85.04","96.10","96.6","96.30","98.84","98.01","98.79","97.62","95.70","99.39","95.78","97.61"
"2024-09-30","2024Sep","96.60","96.37","92.36","97.51","98.33","97.33","98.06","99.35","98.07","92.32","84.59","97.04","96.9","96.88","98.89","97.28","98.77","97.62","96.10","101.79","98.29","97.77"
"2024-10-31","2024Oct","96.92","97.73","92.47","98.17","98.50","98.43","98.28","99.50","98.20","93.56","85.41","97.38","97.1","95.11","98.92","96.37","98.75","97.62","96.47","99.29","97.92","98.00"
"2024-11-30","2024Nov","97.47","97.80","92.57","98.38","98.63","96.28","98.49","99.55","98.32","94.61","85.96","97.75","97.5","93.72","99.10","96.99","98.81","97.62","96.83","99.10","97.58","98.17"
"2024-12-31","2024Dec","97.72","98.19","92.57","98.43","98.75","95.23","98.62","99.53","98.32","95.64","87.62","98.46","98.1","92.36","99.15","95.66","98.88","97.62","97.10","99.53","97.23","98.33"
"2025-01-31","2025Jan","98.16","98.32","95.82","99.04","98.98","99.23","98.81","99.80","98.50","96.33","87.91","98.53","98.4","95.38","99.27","94.83","99.05","97.62","97.78","99.96","98.02","98.55"
"2025-02-28","2025Feb","98.54","98.75","96.17","99.37","99.16","98.70","99.05","99.87","99.67","97.15","87.42","98.70","98.5","96.79","99.55","96.64","99.49","97.62","98.25","98.66","98.39","98.99"
"2025-03-31","2025Mar","98.61","98.84","97.00","99.18","99.32","98.93","99.31","99.95","99.74","97.88","87.64","99.09","99.0","98.80","99.55","97.11","99.88","97.62","98.85","98.48","97.41","99.16"
"2025-04-30","2025Apr","98.86","98.90","98.09","99.45","99.62","97.73","99.59","100.06","99.87","98.42","87.39","99.22","99.3","99.56","99.85","97.15","99.71","97.62","99.24","100.50","99.56","99.39"
"2025-05-31","2025May","99.03","99.51","98.10","99.80","99.83","97.56","99.78","100.09","99.93","98.99","87.10","99.57","99.6","99.45","99.89","98.56","99.75","97.62","99.54","99.99","99.56","99.57"
"2025-06-30","2025Jun","99.45","100.04","98.84","100.04","99.95","99.48","100.01","100.12","99.99","99.88","86.91","99.87","99.8","99.88","100.00","100.19","99.58","97.62","99.87","99.87","98.42","99.74"
"2025-07-31","2025Jul","100.18","99.97","100.57","99.84","100.15","101.53","100.14","99.95","100.04","100.47","87.09","100.01","100.2","100.31","100.10","100.33","100.01","102.38","100.19","101.67","100.14","100.27"
"2025-08-31","2025Aug","100.62","100.28","102.35","100.26","100.28","105.27","100.28","100.31","100.12","100.95","117.54","100.36","100.4","101.16","100.22","103.41","100.20","102.38","100.56","101.54","99.74","100.47"
"2025-09-30","2025Sep","101.16","100.16","102.54","100.43","100.42","100.20","100.48","100.35","100.17","101.50","117.59","100.83","100.6","101.08","100.26","102.97","100.31","102.38","100.90","100.27","100.72","100.60"
"2025-10-31","2025Oct","101.84","101.62","103.38","100.72","100.57","100.16","100.67","99.96","100.26","101.93","117.57","100.97","101.0","101.56","100.42","102.80","100.36","102.38","101.32","99.43","101.25","100.83"
"2025-11-30","2025Nov","101.78","101.60","103.53","100.78","100.78","100.70","100.86","99.77","100.83","102.80","117.87","101.18","101.5","102.64","100.43","103.39","100.80","102.38","101.63","99.68","103.74","101.13"
"2025-12-31","2025Dec","101.76","102.01","103.62","101.08","100.96","100.50","101.03","99.77","100.89","103.71","117.96","101.68","101.8","103.41","100.46","102.61","100.85","102.38","101.88","99.95","103.04","101.30"
"2026-01-31","2026Jan","102.06","101.79","106.02","101.53","101.17","100.97","101.26","99.89","100.90","104.67","121.96","101.76","102.1","100.78","100.62","102.46","101.35","102.38","102.73","99.40","103.22","101.46"
"2026-02-28","2026Feb","102.90","102.16","106.35","102.61","101.37","100.45","101.52","99.90","101.32","105.14","121.90","101.84","102.4","102.17","100.89","102.81","101.08","102.38","103.35","99.23","103.80","101.73"
"2026-03-31","2026Mar","103.11","102.19","106.88","103.37","101.50","100.55","101.79","100.07","101.37","105.27","121.89","102.73","102.6","102.05","100.98","102.56","102.23","102.38","103.90","98.79","103.44","101.88"
"2026-04-30","2026Apr","103.83","102.32","107.32","103.91","101.70","99.90","102.02","100.10","101.44","105.94","121.92","103.57","102.8","104.04","101.19","102.33","102.59","102.38","104.33","109.20","104.00","102.08"
